timestamp,proceso,error_level,error_message,mensaje,log_category,run_name
2026-09-04 04:50:51.540,Server,,Microsoft SQL Server 2022 (RTM-CU26) (KB5093420) - 16.0.4265.3 (X64) Jul 7 2026 14:37:25 Copyright (C) 2022 Microsoft Corporation Developer Edition (64-bit) on Linux (Ubuntu 22.04.5 LTS) <X64>,Microsoft SQL Server 2022 (RTM-CU26) (KB5093420) - 16.0.4265.3 (X64) Jul 7 2026 14:37:25 Copyright (C) 2022 Microsoft Corporation Developer Edition (64-bit) on Linux (Ubuntu 22.04.5 LTS) <X64>,INFO,carga1
2026-09-04 04:50:51.540,Server,,UTC adjustment: 0:00,UTC adjustment: 0:00,INFO,carga1
2026-09-04 04:50:51.540,Server,,(c) Microsoft Corporation.,(c) Microsoft Corporation.,INFO,carga1
2026-09-04 04:50:51.540,Server,,All rights reserved.,All rights reserved.,INFO,carga1
2026-09-04 04:50:51.540,Server,,Server process ID is 460.,Server process ID is 460.,INFO,carga1
2026-09-04 04:50:51.550,Server,,Logging SQL Server messages in file '/var/opt/mssql/log/errorlog'.,Logging SQL Server messages in file '/var/opt/mssql/log/errorlog'.,ERROR,carga1
2026-09-04 04:50:51.550,Server,,Registry startup parameters: -d /var/opt/mssql/data/master.mdf -l /var/opt/mssql/data/mastlog.ldf -e /var/opt/mssql/log/errorlog,Registry startup parameters: -d /var/opt/mssql/data/master.mdf -l /var/opt/mssql/data/mastlog.ldf -e /var/opt/mssql/log/errorlog,ERROR,carga1
2026-09-04 04:50:51.560,Server,,"SQL Server detected 1 sockets with 3 cores per socket and 6 logical processors per socket, 6 total logical processors; using 6 logical processors based on SQL Server licensing. This is an informational message; no user action is required.","SQL Server detected 1 sockets with 3 cores per socket and 6 logical processors per socket, 6 total logical processors; using 6 logical processors based on SQL Server licensing. This is an informational message; no user action is required.",INFO,carga1
2026-09-04 04:50:51.560,Server,,SQL Server is starting at normal priority base (=7). This is an informational message only. No user action is required.,SQL Server is starting at normal priority base (=7). This is an informational message only. No user action is required.,STARTUP,carga1
2026-09-04 04:50:51.560,Server,,"Detected 3916 MB of RAM, 2747 MB of available memory, 2747 MB of available page file. This is an informational message; no user action is required.","Detected 3916 MB of RAM, 2747 MB of available memory, 2747 MB of available page file. This is an informational message; no user action is required.",INFO,carga1
2026-09-04 04:50:51.570,Server,,Using conventional memory in the memory manager.,Using conventional memory in the memory manager.,INFO,carga1
2026-09-04 04:50:51.570,Server,,Detected pause instruction latency: 140 cycles.,Detected pause instruction latency: 140 cycles.,PERFORMANCE,carga1
2026-09-04 04:50:51.570,Server,,"SQL Server detected the following NUMA node configuration (NUMA Node number 0, Processor Group number 0, CPU Mask 0x000000000000003f).","SQL Server detected the following NUMA node configuration (NUMA Node number 0, Processor Group number 0, CPU Mask 0x000000000000003f).",CONFIGURATION,carga1
2026-09-04 04:50:51.580,Server,,Page exclusion bitmap is enabled.,Page exclusion bitmap is enabled.,INFO,carga1
2026-09-04 04:50:51.640,Server,,Buffer pool extension is not supported on Linux platform.,Buffer pool extension is not supported on Linux platform.,INFO,carga1
2026-09-04 04:50:51.650,Server,,Buffer Pool: Allocating 4194304 bytes for 431353 hashPages.,Buffer Pool: Allocating 4194304 bytes for 431353 hashPages.,INFO,carga1
2026-09-04 04:50:51.830,Server,,Buffer pool extension is already disabled. No action is necessary.,Buffer pool extension is already disabled. No action is necessary.,INFO,carga1
2026-09-04 04:50:52.550,Server,,Installing Client TLS certificates to the store.,Installing Client TLS certificates to the store.,INFO,carga1
2026-09-04 04:50:52.570,Server,,CPU vectorization level(s) detected: SSE SSE2 SSE3 SSSE3 SSE41 SSE42 AVX AVX2 POPCNT BMI1 BMI2 AVX512 (F CD BW DQ VL IFMA VBMI VBMI2 VNNI BITALG VPOQCNTDQ VP2INTERSECT),CPU vectorization level(s) detected: SSE SSE2 SSE3 SSSE3 SSE41 SSE42 AVX AVX2 POPCNT BMI1 BMI2 AVX512 (F CD BW DQ VL IFMA VBMI VBMI2 VNNI BITALG VPOQCNTDQ VP2INTERSECT),INFO,carga1
2026-09-04 04:50:52.650,Server,,Successfully initialized the TLS configuration. Allowed TLS protocol versions are ['1.0 1.1 1.2']. Allowed TLS ciphers are ['ECDHE-ECDSA-AES128-GCM-SHA256:ECDHE-ECDSA-AES256-GCM-SHA384:ECDHE-RSA-AES128-GCM-SHA256:ECDHE-RSA-AES256-GCM-SHA384:ECDHE-ECDSA-AES128-SHA256:ECDHE-ECDSA-AES256-SHA384:ECDHE-ECDSA-AES256-SHA:ECDHE-ECDSA-AES128-SHA:AES256-GCM-SHA384:AES128-GCM-SHA256:AES256-SHA256:AES128-SHA256:AES256-SHA:AES128-SHA:!DHE-RSA-AES256-GCM-SHA384:!DHE-RSA-AES128-GCM-SHA256:!DHE-RSA-AES256-SHA:!DHE-RSA-AES128-SHA'].,Successfully initialized the TLS configuration. Allowed TLS protocol versions are ['1.0 1.1 1.2']. Allowed TLS ciphers are ['ECDHE-ECDSA-AES128-GCM-SHA256:ECDHE-ECDSA-AES256-GCM-SHA384:ECDHE-RSA-AES128-GCM-SHA256:ECDHE-RSA-AES256-GCM-SHA384:ECDHE-ECDSA-AES128-SHA256:ECDHE-ECDSA-AES256-SHA384:ECDHE-ECDSA-AES256-SHA:ECDHE-ECDSA-AES128-SHA:AES256-GCM-SHA384:AES128-GCM-SHA256:AES256-SHA256:AES128-SHA256:AES256-SHA:AES128-SHA:!DHE-RSA-AES256-GCM-SHA384:!DHE-RSA-AES128-GCM-SHA256:!DHE-RSA-AES256-SHA:!DHE-RSA-AES128-SHA'].,CONFIGURATION,carga1
2026-09-04 04:50:52.680,Server,,"Query Store settings initialized with enabled = 1,","Query Store settings initialized with enabled = 1,",CONFIGURATION,carga1
2026-09-04 04:50:52.700,Server,,The maximum number of dedicated administrator connections for this instance is '1',The maximum number of dedicated administrator connections for this instance is '1',INFO,carga1
2026-09-04 04:50:52.720,Server,,Node configuration: node 0: CPU mask: 0x000000000000003f:0 Active CPU mask: 0x000000000000003f:0. This message provides a description of the NUMA configuration for this computer. This is an informational message only. No user action is required.,Node configuration: node 0: CPU mask: 0x000000000000003f:0 Active CPU mask: 0x000000000000003f:0. This message provides a description of the NUMA configuration for this computer. This is an informational message only. No user action is required.,CONFIGURATION,carga1
2026-09-04 04:50:52.740,Server,,Using dynamic lock allocation. Initial allocation of 2500 Lock blocks and 5000 Lock Owner blocks per node. This is an informational message only. No user action is required.,Using dynamic lock allocation. Initial allocation of 2500 Lock blocks and 5000 Lock Owner blocks per node. This is an informational message only. No user action is required.,INFO,carga1
2026-09-04 04:50:52.790,Server,,In-Memory OLTP initialized on lowend machine.,In-Memory OLTP initialized on lowend machine.,INFO,carga1
2026-09-04 04:50:52.850,Server,,CLR version v4.0.30319 loaded.,CLR version v4.0.30319 loaded.,INFO,carga1
2026-09-04 04:50:52.900,Server,,[INFO] Created Extended Events session 'hkenginexesession',[INFO] Created Extended Events session 'hkenginexesession',INFO,carga1
2026-09-04 04:50:52.910,Server,,Database Instant File Initialization: enabled. For security and performance considerations see the topic 'Database Instant File Initialization' in SQL Server Books Online. This is an informational message only. No user action is required.,Database Instant File Initialization: enabled. For security and performance considerations see the topic 'Database Instant File Initialization' in SQL Server Books Online. This is an informational message only. No user action is required.,PERFORMANCE,carga1
2026-09-04 04:50:52.930,Server,,Total Log Writer threads: 2. This is an informational message; no user action is required.,Total Log Writer threads: 2. This is an informational message; no user action is required.,INFO,carga1
2026-09-04 04:50:52.950,Server,,clwb is selected for pmem flush operation.,clwb is selected for pmem flush operation.,INFO,carga1
2026-09-04 04:50:52.960,Server,,Software Usage Metrics is disabled.,Software Usage Metrics is disabled.,INFO,carga1
2026-09-04 04:50:52.980,spid24s,,"[1]. Feature Status: PVS: 0. CTR: 0. ConcurrentPFSUpdate: 1. ConcurrentGAMUpdate: 1. ConcurrentSGAMUpdate: 1, CleanupUnderUserTransaction: 0. TranLevelPVS: 0","[1]. Feature Status: PVS: 0. CTR: 0. ConcurrentPFSUpdate: 1. ConcurrentGAMUpdate: 1. ConcurrentSGAMUpdate: 1, CleanupUnderUserTransaction: 0. TranLevelPVS: 0",INFO,carga1
2026-09-04 04:50:52.980,spid24s,,Starting up database 'master'.,Starting up database 'master'.,STARTUP,carga1
2026-09-04 04:50:53.440,spid24s,,26 transactions rolled forward in database 'master' (1:0). This is an informational message only. No user action is required.,26 transactions rolled forward in database 'master' (1:0). This is an informational message only. No user action is required.,INFO,carga1
2026-09-04 04:50:53.550,spid24s,,0 transactions rolled back in database 'master' (1:0). This is an informational message only. No user action is required.,0 transactions rolled back in database 'master' (1:0). This is an informational message only. No user action is required.,INFO,carga1
2026-09-04 04:50:53.570,spid24s,,Recovery is writing a checkpoint in database 'master' (1). This is an informational message only. No user action is required.,Recovery is writing a checkpoint in database 'master' (1). This is an informational message only. No user action is required.,STARTUP,carga1
2026-09-04 04:50:53.910,spid24s,,"[32762]. Feature Status: PVS: 0. CTR: 0. ConcurrentPFSUpdate: 1. ConcurrentGAMUpdate: 1. ConcurrentSGAMUpdate: 1, CleanupUnderUserTransaction: 0. TranLevelPVS: 0","[32762]. Feature Status: PVS: 0. CTR: 0. ConcurrentPFSUpdate: 1. ConcurrentGAMUpdate: 1. ConcurrentSGAMUpdate: 1, CleanupUnderUserTransaction: 0. TranLevelPVS: 0",INFO,carga1
2026-09-04 04:50:53.920,spid24s,,Starting up database 'model_replicatedmaster'.,Starting up database 'model_replicatedmaster'.,STARTUP,carga1
2026-09-04 04:50:53.930,spid26s,,"[32767]. Feature Status: PVS: 0. CTR: 0. ConcurrentPFSUpdate: 1. ConcurrentGAMUpdate: 1. ConcurrentSGAMUpdate: 1, CleanupUnderUserTransaction: 0. TranLevelPVS: 0","[32767]. Feature Status: PVS: 0. CTR: 0. ConcurrentPFSUpdate: 1. ConcurrentGAMUpdate: 1. ConcurrentSGAMUpdate: 1, CleanupUnderUserTransaction: 0. TranLevelPVS: 0",INFO,carga1
2026-09-04 04:50:53.930,spid26s,,Starting up database 'mssqlsystemresource'.,Starting up database 'mssqlsystemresource'.,STARTUP,carga1
2026-09-04 04:50:53.950,spid26s,,The resource database build version is 16.00.4265. This is an informational message only. No user action is required.,The resource database build version is 16.00.4265. This is an informational message only. No user action is required.,INFO,carga1
2026-09-04 04:50:53.980,Server,,Common language runtime (CLR) functionality initialized.,Common language runtime (CLR) functionality initialized.,INFO,carga1
2026-09-04 04:50:54.000,spid26s,,"[3]. Feature Status: PVS: 0. CTR: 0. ConcurrentPFSUpdate: 1. ConcurrentGAMUpdate: 1. ConcurrentSGAMUpdate: 1, CleanupUnderUserTransaction: 0. TranLevelPVS: 0","[3]. Feature Status: PVS: 0. CTR: 0. ConcurrentPFSUpdate: 1. ConcurrentGAMUpdate: 1. ConcurrentSGAMUpdate: 1, CleanupUnderUserTransaction: 0. TranLevelPVS: 0",INFO,carga1
2026-09-04 04:50:54.010,spid26s,,Starting up database 'model'.,Starting up database 'model'.,STARTUP,carga1
2026-09-04 04:50:54.220,spid24s,,Converting database 'model_replicatedmaster' from version 927 to the current version 957.,Converting database 'model_replicatedmaster' from version 927 to the current version 957.,INFO,carga1
2026-09-04 04:50:54.220,spid24s,,Database 'model_replicatedmaster' running the upgrade step from version 927 to version 928.,Database 'model_replicatedmaster' running the upgrade step from version 927 to version 928.,INFO,carga1
2026-09-04 04:50:54.240,Server,,External governance manager initialized,External governance manager initialized,INFO,carga1
2026-09-04 04:50:54.470,spid24s,,Database 'model_replicatedmaster' running the upgrade step from version 928 to version 929.,Database 'model_replicatedmaster' running the upgrade step from version 928 to version 929.,INFO,carga1
2026-09-04 04:50:54.570,spid24s,,Database 'model_replicatedmaster' running the upgrade step from version 929 to version 930.,Database 'model_replicatedmaster' running the upgrade step from version 929 to version 930.,INFO,carga1
2026-09-04 04:50:54.600,spid24s,,Database 'model_replicatedmaster' running the upgrade step from version 930 to version 931.,Database 'model_replicatedmaster' running the upgrade step from version 930 to version 931.,INFO,carga1
2026-09-04 04:50:54.630,spid24s,,Database 'model_replicatedmaster' running the upgrade step from version 931 to version 932.,Database 'model_replicatedmaster' running the upgrade step from version 931 to version 932.,INFO,carga1
2026-09-04 04:50:54.660,spid24s,,Database 'model_replicatedmaster' running the upgrade step from version 932 to version 933.,Database 'model_replicatedmaster' running the upgrade step from version 932 to version 933.,INFO,carga1
2026-09-04 04:50:54.680,spid24s,,Database 'model_replicatedmaster' running the upgrade step from version 933 to version 934.,Database 'model_replicatedmaster' running the upgrade step from version 933 to version 934.,INFO,carga1
2026-09-04 04:50:54.710,spid24s,,Database 'model_replicatedmaster' running the upgrade step from version 934 to version 935.,Database 'model_replicatedmaster' running the upgrade step from version 934 to version 935.,INFO,carga1
2026-09-04 04:50:54.730,spid24s,,Database 'model_replicatedmaster' running the upgrade step from version 935 to version 936.,Database 'model_replicatedmaster' running the upgrade step from version 935 to version 936.,INFO,carga1
2026-09-04 04:50:54.760,spid24s,,Database 'model_replicatedmaster' running the upgrade step from version 936 to version 937.,Database 'model_replicatedmaster' running the upgrade step from version 936 to version 937.,INFO,carga1
2026-09-04 04:50:54.780,spid24s,,Database 'model_replicatedmaster' running the upgrade step from version 937 to version 938.,Database 'model_replicatedmaster' running the upgrade step from version 937 to version 938.,INFO,carga1
2026-09-04 04:50:54.810,spid24s,,Database 'model_replicatedmaster' running the upgrade step from version 938 to version 939.,Database 'model_replicatedmaster' running the upgrade step from version 938 to version 939.,INFO,carga1
2026-09-04 04:50:54.840,spid24s,,Database 'model_replicatedmaster' running the upgrade step from version 939 to version 940.,Database 'model_replicatedmaster' running the upgrade step from version 939 to version 940.,INFO,carga1
2026-09-04 04:50:54.860,spid24s,,Database 'model_replicatedmaster' running the upgrade step from version 940 to version 941.,Database 'model_replicatedmaster' running the upgrade step from version 940 to version 941.,INFO,carga1
2026-09-04 04:50:54.860,spid33s,,A self-generated certificate was successfully loaded for encryption.,A self-generated certificate was successfully loaded for encryption.,INFO,carga1
2026-09-04 04:50:54.870,spid33s,,Server is listening on [ 'any' <ipv6> 1433] accept sockets 1.,Server is listening on [ 'any' <ipv6> 1433] accept sockets 1.,INFO,carga1
2026-09-04 04:50:54.870,spid33s,,Server is listening on [ 'any' <ipv4> 1433] accept sockets 1.,Server is listening on [ 'any' <ipv4> 1433] accept sockets 1.,INFO,carga1
2026-09-04 04:50:54.880,Server,,Server is listening on [ ::1 <ipv6> 1434] accept sockets 1.,Server is listening on [ ::1 <ipv6> 1434] accept sockets 1.,INFO,carga1
2026-09-04 04:50:54.880,Server,,Server is listening on [ 127.0.0.1 <ipv4> 1434] accept sockets 1.,Server is listening on [ 127.0.0.1 <ipv4> 1434] accept sockets 1.,INFO,carga1
2026-09-04 04:50:54.880,Server,,Dedicated admin connection support was established for listening locally on port 1434.,Dedicated admin connection support was established for listening locally on port 1434.,INFO,carga1
2026-09-04 04:50:54.890,spid33s,,Server is listening on [ ::1 <ipv6> 1431] accept sockets 1.,Server is listening on [ ::1 <ipv6> 1431] accept sockets 1.,INFO,carga1
2026-09-04 04:50:54.890,spid24s,,Database 'model_replicatedmaster' running the upgrade step from version 941 to version 942.,Database 'model_replicatedmaster' running the upgrade step from version 941 to version 942.,INFO,carga1
2026-09-04 04:50:54.900,spid33s,,Server is listening on [ 127.0.0.1 <ipv4> 1431] accept sockets 1.,Server is listening on [ 127.0.0.1 <ipv4> 1431] accept sockets 1.,INFO,carga1
2026-09-04 04:50:54.900,spid33s,,SQL Server is now ready for client connections. This is an informational message; no user action is required.,SQL Server is now ready for client connections. This is an informational message; no user action is required.,STARTUP,carga1
2026-09-04 04:50:54.920,spid24s,,Database 'model_replicatedmaster' running the upgrade step from version 942 to version 943.,Database 'model_replicatedmaster' running the upgrade step from version 942 to version 943.,INFO,carga1
2026-09-04 04:50:55.030,spid24s,,Database 'model_replicatedmaster' running the upgrade step from version 943 to version 944.,Database 'model_replicatedmaster' running the upgrade step from version 943 to version 944.,INFO,carga1
2026-09-04 04:50:55.070,spid24s,,Database 'model_replicatedmaster' running the upgrade step from version 944 to version 945.,Database 'model_replicatedmaster' running the upgrade step from version 944 to version 945.,INFO,carga1
2026-09-04 04:50:55.110,spid24s,,Database 'model_replicatedmaster' running the upgrade step from version 945 to version 946.,Database 'model_replicatedmaster' running the upgrade step from version 945 to version 946.,INFO,carga1
2026-09-04 04:50:55.130,spid24s,,Database 'model_replicatedmaster' running the upgrade step from version 946 to version 947.,Database 'model_replicatedmaster' running the upgrade step from version 946 to version 947.,INFO,carga1
2026-09-04 04:50:55.160,spid24s,,Database 'model_replicatedmaster' running the upgrade step from version 947 to version 948.,Database 'model_replicatedmaster' running the upgrade step from version 947 to version 948.,INFO,carga1
2026-09-04 04:50:55.190,spid24s,,Database 'model_replicatedmaster' running the upgrade step from version 948 to version 949.,Database 'model_replicatedmaster' running the upgrade step from version 948 to version 949.,INFO,carga1
2026-09-04 04:50:55.210,spid24s,,Database 'model_replicatedmaster' running the upgrade step from version 949 to version 950.,Database 'model_replicatedmaster' running the upgrade step from version 949 to version 950.,INFO,carga1
2026-09-04 04:50:55.240,spid24s,,Database 'model_replicatedmaster' running the upgrade step from version 950 to version 951.,Database 'model_replicatedmaster' running the upgrade step from version 950 to version 951.,INFO,carga1
2026-09-04 04:50:55.280,spid24s,,Database 'model_replicatedmaster' running the upgrade step from version 951 to version 952.,Database 'model_replicatedmaster' running the upgrade step from version 951 to version 952.,INFO,carga1
2026-09-04 04:50:55.320,spid24s,,Database 'model_replicatedmaster' running the upgrade step from version 952 to version 953.,Database 'model_replicatedmaster' running the upgrade step from version 952 to version 953.,INFO,carga1
2026-09-04 04:50:55.380,spid24s,,Database 'model_replicatedmaster' running the upgrade step from version 953 to version 954.,Database 'model_replicatedmaster' running the upgrade step from version 953 to version 954.,INFO,carga1
2026-09-04 04:50:55.410,spid24s,,Database 'model_replicatedmaster' running the upgrade step from version 954 to version 955.,Database 'model_replicatedmaster' running the upgrade step from version 954 to version 955.,INFO,carga1
2026-09-04 04:50:55.450,spid24s,,Database 'model_replicatedmaster' running the upgrade step from version 955 to version 956.,Database 'model_replicatedmaster' running the upgrade step from version 955 to version 956.,INFO,carga1
2026-09-04 04:50:55.620,spid24s,,Database 'model_replicatedmaster' running the upgrade step from version 956 to version 957.,Database 'model_replicatedmaster' running the upgrade step from version 956 to version 957.,INFO,carga1
2026-09-04 04:50:56.230,spid24s,,"[32761]. Feature Status: PVS: 0. CTR: 0. ConcurrentPFSUpdate: 1. ConcurrentGAMUpdate: 1. ConcurrentSGAMUpdate: 1, CleanupUnderUserTransaction: 0. TranLevelPVS: 0","[32761]. Feature Status: PVS: 0. CTR: 0. ConcurrentPFSUpdate: 1. ConcurrentGAMUpdate: 1. ConcurrentSGAMUpdate: 1, CleanupUnderUserTransaction: 0. TranLevelPVS: 0",INFO,carga1
2026-09-04 04:50:56.230,spid24s,,Starting up database 'model_msdb'.,Starting up database 'model_msdb'.,STARTUP,carga1
2026-09-04 04:50:56.390,spid24s,,Converting database 'model_msdb' from version 927 to the current version 957.,Converting database 'model_msdb' from version 927 to the current version 957.,INFO,carga1
2026-09-04 04:50:56.390,spid24s,,Database 'model_msdb' running the upgrade step from version 927 to version 928.,Database 'model_msdb' running the upgrade step from version 927 to version 928.,INFO,carga1
2026-09-04 04:50:56.420,spid24s,,Database 'model_msdb' running the upgrade step from version 928 to version 929.,Database 'model_msdb' running the upgrade step from version 928 to version 929.,INFO,carga1
2026-09-04 04:50:56.510,spid24s,,Database 'model_msdb' running the upgrade step from version 929 to version 930.,Database 'model_msdb' running the upgrade step from version 929 to version 930.,INFO,carga1
2026-09-04 04:50:56.560,spid24s,,Database 'model_msdb' running the upgrade step from version 930 to version 931.,Database 'model_msdb' running the upgrade step from version 930 to version 931.,INFO,carga1
2026-09-04 04:50:56.620,spid24s,,Database 'model_msdb' running the upgrade step from version 931 to version 932.,Database 'model_msdb' running the upgrade step from version 931 to version 932.,INFO,carga1
2026-09-04 04:50:56.660,spid24s,,Database 'model_msdb' running the upgrade step from version 932 to version 933.,Database 'model_msdb' running the upgrade step from version 932 to version 933.,INFO,carga1
2026-09-04 04:50:56.690,spid24s,,Database 'model_msdb' running the upgrade step from version 933 to version 934.,Database 'model_msdb' running the upgrade step from version 933 to version 934.,INFO,carga1
2026-09-04 04:50:56.730,spid24s,,Database 'model_msdb' running the upgrade step from version 934 to version 935.,Database 'model_msdb' running the upgrade step from version 934 to version 935.,INFO,carga1
2026-09-04 04:50:56.760,spid24s,,Database 'model_msdb' running the upgrade step from version 935 to version 936.,Database 'model_msdb' running the upgrade step from version 935 to version 936.,INFO,carga1
2026-09-04 04:50:56.790,spid24s,,Database 'model_msdb' running the upgrade step from version 936 to version 937.,Database 'model_msdb' running the upgrade step from version 936 to version 937.,INFO,carga1
2026-09-04 04:50:56.820,spid24s,,Database 'model_msdb' running the upgrade step from version 937 to version 938.,Database 'model_msdb' running the upgrade step from version 937 to version 938.,INFO,carga1
2026-09-04 04:50:56.850,spid24s,,Database 'model_msdb' running the upgrade step from version 938 to version 939.,Database 'model_msdb' running the upgrade step from version 938 to version 939.,INFO,carga1
2026-09-04 04:50:56.880,spid24s,,Database 'model_msdb' running the upgrade step from version 939 to version 940.,Database 'model_msdb' running the upgrade step from version 939 to version 940.,INFO,carga1
2026-09-04 04:50:56.910,spid24s,,Database 'model_msdb' running the upgrade step from version 940 to version 941.,Database 'model_msdb' running the upgrade step from version 940 to version 941.,INFO,carga1
2026-09-04 04:50:56.940,spid24s,,Database 'model_msdb' running the upgrade step from version 941 to version 942.,Database 'model_msdb' running the upgrade step from version 941 to version 942.,INFO,carga1
2026-09-04 04:50:56.960,spid24s,,Database 'model_msdb' running the upgrade step from version 942 to version 943.,Database 'model_msdb' running the upgrade step from version 942 to version 943.,INFO,carga1
2026-09-04 04:50:57.050,spid24s,,Database 'model_msdb' running the upgrade step from version 943 to version 944.,Database 'model_msdb' running the upgrade step from version 943 to version 944.,INFO,carga1
2026-09-04 04:50:57.080,spid24s,,Database 'model_msdb' running the upgrade step from version 944 to version 945.,Database 'model_msdb' running the upgrade step from version 944 to version 945.,INFO,carga1
2026-09-04 04:50:57.140,spid24s,,Database 'model_msdb' running the upgrade step from version 945 to version 946.,Database 'model_msdb' running the upgrade step from version 945 to version 946.,INFO,carga1
2026-09-04 04:50:57.170,spid24s,,Database 'model_msdb' running the upgrade step from version 946 to version 947.,Database 'model_msdb' running the upgrade step from version 946 to version 947.,INFO,carga1
2026-09-04 04:50:57.200,spid24s,,Database 'model_msdb' running the upgrade step from version 947 to version 948.,Database 'model_msdb' running the upgrade step from version 947 to version 948.,INFO,carga1
2026-09-04 04:50:57.220,spid24s,,Database 'model_msdb' running the upgrade step from version 948 to version 949.,Database 'model_msdb' running the upgrade step from version 948 to version 949.,INFO,carga1
2026-09-04 04:50:57.250,spid24s,,Database 'model_msdb' running the upgrade step from version 949 to version 950.,Database 'model_msdb' running the upgrade step from version 949 to version 950.,INFO,carga1
2026-09-04 04:50:57.270,spid24s,,Database 'model_msdb' running the upgrade step from version 950 to version 951.,Database 'model_msdb' running the upgrade step from version 950 to version 951.,INFO,carga1
2026-09-04 04:50:57.310,spid24s,,Database 'model_msdb' running the upgrade step from version 951 to version 952.,Database 'model_msdb' running the upgrade step from version 951 to version 952.,INFO,carga1
2026-09-04 04:50:57.330,spid24s,,Database 'model_msdb' running the upgrade step from version 952 to version 953.,Database 'model_msdb' running the upgrade step from version 952 to version 953.,INFO,carga1
2026-09-04 04:50:57.370,spid24s,,Database 'model_msdb' running the upgrade step from version 953 to version 954.,Database 'model_msdb' running the upgrade step from version 953 to version 954.,INFO,carga1
2026-09-04 04:50:57.400,spid24s,,Database 'model_msdb' running the upgrade step from version 954 to version 955.,Database 'model_msdb' running the upgrade step from version 954 to version 955.,INFO,carga1
2026-09-04 04:50:57.430,spid24s,,Database 'model_msdb' running the upgrade step from version 955 to version 956.,Database 'model_msdb' running the upgrade step from version 955 to version 956.,INFO,carga1
2026-09-04 04:50:57.530,spid24s,,Database 'model_msdb' running the upgrade step from version 956 to version 957.,Database 'model_msdb' running the upgrade step from version 956 to version 957.,INFO,carga1
2026-09-04 04:50:57.710,spid24s,,Resource governor reconfiguration succeeded.,Resource governor reconfiguration succeeded.,CONFIGURATION,carga1
2026-09-04 04:50:57.710,spid24s,,SQL Server Audit is starting the audits. This is an informational message. No user action is required.,SQL Server Audit is starting the audits. This is an informational message. No user action is required.,STARTUP,carga1
2026-09-04 04:50:57.710,spid40s,,Attribute synchronization initialized,Attribute synchronization initialized,INFO,carga1
2026-09-04 04:50:57.720,spid40s,,Attribute synchronization manager initialized,Attribute synchronization manager initialized,INFO,carga1
2026-09-04 04:50:57.720,spid24s,,SQL Server Audit has started the audits. This is an informational message. No user action is required.,SQL Server Audit has started the audits. This is an informational message. No user action is required.,STARTUP,carga1
2026-09-04 04:50:57.850,spid24s,,"SQL Trace ID 1 was started by login ""sa"".","SQL Trace ID 1 was started by login ""sa"".",STARTUP,carga1
2026-09-04 04:50:57.880,spid24s,,Server name is 'fadf03e4e65e'. This is an informational message only. No user action is required.,Server name is 'fadf03e4e65e'. This is an informational message only. No user action is required.,INFO,carga1
2026-09-04 04:50:57.920,spid26s,,Clearing tempdb database.,Clearing tempdb database.,INFO,carga1
2026-09-04 04:50:57.920,spid58s,,"[5]. Feature Status: PVS: 0. CTR: 0. ConcurrentPFSUpdate: 1. ConcurrentGAMUpdate: 1. ConcurrentSGAMUpdate: 1, CleanupUnderUserTransaction: 0. TranLevelPVS: 0","[5]. Feature Status: PVS: 0. CTR: 0. ConcurrentPFSUpdate: 1. ConcurrentGAMUpdate: 1. ConcurrentSGAMUpdate: 1, CleanupUnderUserTransaction: 0. TranLevelPVS: 0",INFO,carga1
2026-09-04 04:50:57.920,spid55s,,"[4]. Feature Status: PVS: 0. CTR: 0. ConcurrentPFSUpdate: 1. ConcurrentGAMUpdate: 1. ConcurrentSGAMUpdate: 1, CleanupUnderUserTransaction: 0. TranLevelPVS: 0","[4]. Feature Status: PVS: 0. CTR: 0. ConcurrentPFSUpdate: 1. ConcurrentGAMUpdate: 1. ConcurrentSGAMUpdate: 1, CleanupUnderUserTransaction: 0. TranLevelPVS: 0",INFO,carga1
2026-09-04 04:50:57.920,spid60s,,Always On: The availability replica manager is starting. This is an informational message only. No user action is required.,Always On: The availability replica manager is starting. This is an informational message only. No user action is required.,STARTUP,carga1
2026-09-04 04:50:57.930,spid58s,,Starting up database 'SteelNort'.,Starting up database 'SteelNort'.,STARTUP,carga1
2026-09-04 04:50:57.930,spid55s,,Starting up database 'msdb'.,Starting up database 'msdb'.,STARTUP,carga1
2026-09-04 04:50:57.930,spid60s,,Always On: The availability replica manager is waiting for the instance of SQL Server to allow client connections. This is an informational message only. No user action is required.,Always On: The availability replica manager is waiting for the instance of SQL Server to allow client connections. This is an informational message only. No user action is required.,INFO,carga1
2026-09-04 04:50:57.930,spid58s,,RemoveStaleDbEntries: Cleanup of stale DB entries called for database ID: [5],RemoveStaleDbEntries: Cleanup of stale DB entries called for database ID: [5],INFO,carga1
2026-09-04 04:50:57.940,spid58s,,RemoveStaleDbEntries: Cleanup of stale DB entries skipped because master db is not memory optimized. DbId: 5.,RemoveStaleDbEntries: Cleanup of stale DB entries skipped because master db is not memory optimized. DbId: 5.,INFO,carga1
2026-09-04 04:50:57.970,spid23s,,Using 'dbghelp.dll' version '4.0.5',Using 'dbghelp.dll' version '4.0.5',INFO,carga1
2026-09-04 04:50:58.070,spid58s,,Parallel redo is started for database 'SteelNort' with worker pool size [3].,Parallel redo is started for database 'SteelNort' with worker pool size [3].,STARTUP,carga1
2026-09-04 04:50:58.170,spid24s,,Recovery is writing a checkpoint in database 'msdb' (4). This is an informational message only. No user action is required.,Recovery is writing a checkpoint in database 'msdb' (4). This is an informational message only. No user action is required.,STARTUP,carga1
2026-09-04 04:50:58.310,spid58s,,Recovery of database 'SteelNort' (5) is 1% complete (approximately 20 seconds remain). Phase 2 of 3. This is an informational message only. No user action is required.,Recovery of database 'SteelNort' (5) is 1% complete (approximately 20 seconds remain). Phase 2 of 3. This is an informational message only. No user action is required.,STARTUP,carga1
2026-09-04 04:50:58.470,spid58s,,808 transactions rolled forward in database 'SteelNort' (5:0). This is an informational message only. No user action is required.,808 transactions rolled forward in database 'SteelNort' (5:0). This is an informational message only. No user action is required.,INFO,carga1
2026-09-04 04:50:58.720,spid24s,,0 transactions rolled back in database 'SteelNort' (5:0). This is an informational message only. No user action is required.,0 transactions rolled back in database 'SteelNort' (5:0). This is an informational message only. No user action is required.,INFO,carga1
2026-09-04 04:50:58.720,spid24s,,Parallel redo is shutdown for database 'SteelNort' with worker pool size [3].,Parallel redo is shutdown for database 'SteelNort' with worker pool size [3].,INFO,carga1
2026-09-04 04:50:58.730,spid26s,,"[2]. Feature Status: PVS: 0. CTR: 0. ConcurrentPFSUpdate: 1. ConcurrentGAMUpdate: 1. ConcurrentSGAMUpdate: 1, CleanupUnderUserTransaction: 0. TranLevelPVS: 0","[2]. Feature Status: PVS: 0. CTR: 0. ConcurrentPFSUpdate: 1. ConcurrentGAMUpdate: 1. ConcurrentSGAMUpdate: 1, CleanupUnderUserTransaction: 0. TranLevelPVS: 0",INFO,carga1
2026-09-04 04:50:58.740,spid26s,,Starting up database 'tempdb'.,Starting up database 'tempdb'.,STARTUP,carga1
2026-09-04 04:50:59.820,spid26s,,The tempdb database has 8 data file(s).,The tempdb database has 8 data file(s).,INFO,carga1
2026-09-04 04:50:59.840,spid34s,,The Service Broker endpoint is in disabled or stopped state.,The Service Broker endpoint is in disabled or stopped state.,INFO,carga1
2026-09-04 04:50:59.850,spid34s,,The Database Mirroring endpoint is in disabled or stopped state.,The Database Mirroring endpoint is in disabled or stopped state.,INFO,carga1
2026-09-04 04:50:59.860,spid34s,,Service Broker manager has started.,Service Broker manager has started.,STARTUP,carga1
2026-09-04 04:50:59.870,spid24s,,Recovery is complete. This is an informational message only. No user action is required.,Recovery is complete. This is an informational message only. No user action is required.,STARTUP,carga1
2026-09-04 04:57:47.820,spid70,,Attempting to load library 'xplog70.dll' into memory. This is an informational message only. No user action is required.,Attempting to load library 'xplog70.dll' into memory. This is an informational message only. No user action is required.,INFO,carga1
2026-09-04 04:57:47.870,spid70,,Using 'xplog70.dll' version '2022.160.4265' to execute extended stored procedure 'xp_msver'. This is an informational message only; no user action is required.,Using 'xplog70.dll' version '2022.160.4265' to execute extended stored procedure 'xp_msver'. This is an informational message only; no user action is required.,INFO,carga1
2026-09-04 04:58:55.320,spid73,,Attempting to load library 'xpstar.dll' into memory. This is an informational message only. No user action is required.,Attempting to load library 'xpstar.dll' into memory. This is an informational message only. No user action is required.,INFO,carga1
2026-09-04 04:58:55.360,spid73,,Using 'xpstar.dll' version '2022.160.4265' to execute extended stored procedure 'xp_readerrorlog'. This is an informational message only; no user action is required.,Using 'xpstar.dll' version '2022.160.4265' to execute extended stored procedure 'xp_readerrorlog'. This is an informational message only; no user action is required.,ERROR,carga1
2026-09-04 05:39:12.830,Server,,Microsoft SQL Server 2022 (RTM-CU26) (KB5093420) - 16.0.4265.3 (X64) Jul 7 2026 14:37:25 Copyright (C) 2022 Microsoft Corporation Developer Edition (64-bit) on Linux (Ubuntu 22.04.5 LTS) <X64>,Microsoft SQL Server 2022 (RTM-CU26) (KB5093420) - 16.0.4265.3 (X64) Jul 7 2026 14:37:25 Copyright (C) 2022 Microsoft Corporation Developer Edition (64-bit) on Linux (Ubuntu 22.04.5 LTS) <X64>,INFO,carga2
2026-09-04 05:39:12.830,Server,,UTC adjustment: 0:00,UTC adjustment: 0:00,INFO,carga2
2026-09-04 05:39:12.830,Server,,(c) Microsoft Corporation.,(c) Microsoft Corporation.,INFO,carga2
2026-09-04 05:39:12.830,Server,,All rights reserved.,All rights reserved.,INFO,carga2
2026-09-04 05:39:12.840,Server,,Server process ID is 464.,Server process ID is 464.,INFO,carga2
2026-09-04 05:39:12.840,Server,,Logging SQL Server messages in file '/var/opt/mssql/log/errorlog'.,Logging SQL Server messages in file '/var/opt/mssql/log/errorlog'.,ERROR,carga2
2026-09-04 05:39:12.840,Server,,Registry startup parameters: -d /var/opt/mssql/data/master.mdf -l /var/opt/mssql/data/mastlog.ldf -e /var/opt/mssql/log/errorlog,Registry startup parameters: -d /var/opt/mssql/data/master.mdf -l /var/opt/mssql/data/mastlog.ldf -e /var/opt/mssql/log/errorlog,ERROR,carga2
2026-09-04 05:39:12.850,Server,,"SQL Server detected 1 sockets with 3 cores per socket and 6 logical processors per socket, 6 total logical processors; using 6 logical processors based on SQL Server licensing. This is an informational message; no user action is required.","SQL Server detected 1 sockets with 3 cores per socket and 6 logical processors per socket, 6 total logical processors; using 6 logical processors based on SQL Server licensing. This is an informational message; no user action is required.",INFO,carga2
2026-09-04 05:39:12.850,Server,,SQL Server is starting at normal priority base (=7). This is an informational message only. No user action is required.,SQL Server is starting at normal priority base (=7). This is an informational message only. No user action is required.,STARTUP,carga2
2026-09-04 05:39:12.850,Server,,"Detected 3916 MB of RAM, 2871 MB of available memory, 2871 MB of available page file. This is an informational message; no user action is required.","Detected 3916 MB of RAM, 2871 MB of available memory, 2871 MB of available page file. This is an informational message; no user action is required.",INFO,carga2
2026-09-04 05:39:12.860,Server,,Using conventional memory in the memory manager.,Using conventional memory in the memory manager.,INFO,carga2
2026-09-04 05:39:12.860,Server,,Detected pause instruction latency: 140 cycles.,Detected pause instruction latency: 140 cycles.,PERFORMANCE,carga2
2026-09-04 05:39:12.860,Server,,"SQL Server detected the following NUMA node configuration (NUMA Node number 0, Processor Group number 0, CPU Mask 0x000000000000003f).","SQL Server detected the following NUMA node configuration (NUMA Node number 0, Processor Group number 0, CPU Mask 0x000000000000003f).",CONFIGURATION,carga2
2026-09-04 05:39:12.870,Server,,Page exclusion bitmap is enabled.,Page exclusion bitmap is enabled.,INFO,carga2
2026-09-04 05:39:12.940,Server,,Buffer pool extension is not supported on Linux platform.,Buffer pool extension is not supported on Linux platform.,INFO,carga2
2026-09-04 05:39:12.940,Server,,Buffer Pool: Allocating 4194304 bytes for 451131 hashPages.,Buffer Pool: Allocating 4194304 bytes for 451131 hashPages.,INFO,carga2
2026-09-04 05:39:13.100,Server,,Buffer pool extension is already disabled. No action is necessary.,Buffer pool extension is already disabled. No action is necessary.,INFO,carga2
2026-09-04 05:39:13.600,Server,,Installing Client TLS certificates to the store.,Installing Client TLS certificates to the store.,INFO,carga2
2026-09-04 05:39:13.620,Server,,CPU vectorization level(s) detected: SSE SSE2 SSE3 SSSE3 SSE41 SSE42 AVX AVX2 POPCNT BMI1 BMI2 AVX512 (F CD BW DQ VL IFMA VBMI VBMI2 VNNI BITALG VPOQCNTDQ VP2INTERSECT),CPU vectorization level(s) detected: SSE SSE2 SSE3 SSSE3 SSE41 SSE42 AVX AVX2 POPCNT BMI1 BMI2 AVX512 (F CD BW DQ VL IFMA VBMI VBMI2 VNNI BITALG VPOQCNTDQ VP2INTERSECT),INFO,carga2
2026-09-04 05:39:13.720,Server,,Successfully initialized the TLS configuration. Allowed TLS protocol versions are ['1.0 1.1 1.2']. Allowed TLS ciphers are ['ECDHE-ECDSA-AES128-GCM-SHA256:ECDHE-ECDSA-AES256-GCM-SHA384:ECDHE-RSA-AES128-GCM-SHA256:ECDHE-RSA-AES256-GCM-SHA384:ECDHE-ECDSA-AES128-SHA256:ECDHE-ECDSA-AES256-SHA384:ECDHE-ECDSA-AES256-SHA:ECDHE-ECDSA-AES128-SHA:AES256-GCM-SHA384:AES128-GCM-SHA256:AES256-SHA256:AES128-SHA256:AES256-SHA:AES128-SHA:!DHE-RSA-AES256-GCM-SHA384:!DHE-RSA-AES128-GCM-SHA256:!DHE-RSA-AES256-SHA:!DHE-RSA-AES128-SHA'].,Successfully initialized the TLS configuration. Allowed TLS protocol versions are ['1.0 1.1 1.2']. Allowed TLS ciphers are ['ECDHE-ECDSA-AES128-GCM-SHA256:ECDHE-ECDSA-AES256-GCM-SHA384:ECDHE-RSA-AES128-GCM-SHA256:ECDHE-RSA-AES256-GCM-SHA384:ECDHE-ECDSA-AES128-SHA256:ECDHE-ECDSA-AES256-SHA384:ECDHE-ECDSA-AES256-SHA:ECDHE-ECDSA-AES128-SHA:AES256-GCM-SHA384:AES128-GCM-SHA256:AES256-SHA256:AES128-SHA256:AES256-SHA:AES128-SHA:!DHE-RSA-AES256-GCM-SHA384:!DHE-RSA-AES128-GCM-SHA256:!DHE-RSA-AES256-SHA:!DHE-RSA-AES128-SHA'].,CONFIGURATION,carga2
2026-09-04 05:39:13.760,Server,,"Query Store settings initialized with enabled = 1,","Query Store settings initialized with enabled = 1,",CONFIGURATION,carga2
2026-09-04 05:39:13.780,Server,,The maximum number of dedicated administrator connections for this instance is '1',The maximum number of dedicated administrator connections for this instance is '1',INFO,carga2
2026-09-04 05:39:13.800,Server,,Node configuration: node 0: CPU mask: 0x000000000000003f:0 Active CPU mask: 0x000000000000003f:0. This message provides a description of the NUMA configuration for this computer. This is an informational message only. No user action is required.,Node configuration: node 0: CPU mask: 0x000000000000003f:0 Active CPU mask: 0x000000000000003f:0. This message provides a description of the NUMA configuration for this computer. This is an informational message only. No user action is required.,CONFIGURATION,carga2
2026-09-04 05:39:13.830,Server,,Using dynamic lock allocation. Initial allocation of 2500 Lock blocks and 5000 Lock Owner blocks per node. This is an informational message only. No user action is required.,Using dynamic lock allocation. Initial allocation of 2500 Lock blocks and 5000 Lock Owner blocks per node. This is an informational message only. No user action is required.,INFO,carga2
2026-09-04 05:39:13.890,Server,,In-Memory OLTP initialized on lowend machine.,In-Memory OLTP initialized on lowend machine.,INFO,carga2
2026-09-04 05:39:13.920,Server,,CLR version v4.0.30319 loaded.,CLR version v4.0.30319 loaded.,INFO,carga2
2026-09-04 05:39:13.940,Server,,[INFO] Created Extended Events session 'hkenginexesession',[INFO] Created Extended Events session 'hkenginexesession',INFO,carga2
2026-09-04 05:39:13.940,Server,,Database Instant File Initialization: enabled. For security and performance considerations see the topic 'Database Instant File Initialization' in SQL Server Books Online. This is an informational message only. No user action is required.,Database Instant File Initialization: enabled. For security and performance considerations see the topic 'Database Instant File Initialization' in SQL Server Books Online. This is an informational message only. No user action is required.,PERFORMANCE,carga2
2026-09-04 05:39:13.970,Server,,Total Log Writer threads: 2. This is an informational message; no user action is required.,Total Log Writer threads: 2. This is an informational message; no user action is required.,INFO,carga2
2026-09-04 05:39:13.980,Server,,clwb is selected for pmem flush operation.,clwb is selected for pmem flush operation.,INFO,carga2
2026-09-04 05:39:13.990,Server,,Software Usage Metrics is disabled.,Software Usage Metrics is disabled.,INFO,carga2
2026-09-04 05:39:14.010,spid24s,,"[1]. Feature Status: PVS: 0. CTR: 0. ConcurrentPFSUpdate: 1. ConcurrentGAMUpdate: 1. ConcurrentSGAMUpdate: 1, CleanupUnderUserTransaction: 0. TranLevelPVS: 0","[1]. Feature Status: PVS: 0. CTR: 0. ConcurrentPFSUpdate: 1. ConcurrentGAMUpdate: 1. ConcurrentSGAMUpdate: 1, CleanupUnderUserTransaction: 0. TranLevelPVS: 0",INFO,carga2
2026-09-04 05:39:14.010,spid24s,,Starting up database 'master'.,Starting up database 'master'.,STARTUP,carga2
2026-09-04 05:39:14.190,spid24s,,30 transactions rolled forward in database 'master' (1:0). This is an informational message only. No user action is required.,30 transactions rolled forward in database 'master' (1:0). This is an informational message only. No user action is required.,INFO,carga2
2026-09-04 05:39:14.230,spid24s,,0 transactions rolled back in database 'master' (1:0). This is an informational message only. No user action is required.,0 transactions rolled back in database 'master' (1:0). This is an informational message only. No user action is required.,INFO,carga2
2026-09-04 05:39:14.230,spid24s,,Recovery is writing a checkpoint in database 'master' (1). This is an informational message only. No user action is required.,Recovery is writing a checkpoint in database 'master' (1). This is an informational message only. No user action is required.,STARTUP,carga2
2026-09-04 05:39:14.420,spid24s,,"[32762]. Feature Status: PVS: 0. CTR: 0. ConcurrentPFSUpdate: 1. ConcurrentGAMUpdate: 1. ConcurrentSGAMUpdate: 1, CleanupUnderUserTransaction: 0. TranLevelPVS: 0","[32762]. Feature Status: PVS: 0. CTR: 0. ConcurrentPFSUpdate: 1. ConcurrentGAMUpdate: 1. ConcurrentSGAMUpdate: 1, CleanupUnderUserTransaction: 0. TranLevelPVS: 0",INFO,carga2
2026-09-04 05:39:14.430,spid26s,,"[32767]. Feature Status: PVS: 0. CTR: 0. ConcurrentPFSUpdate: 1. ConcurrentGAMUpdate: 1. ConcurrentSGAMUpdate: 1, CleanupUnderUserTransaction: 0. TranLevelPVS: 0","[32767]. Feature Status: PVS: 0. CTR: 0. ConcurrentPFSUpdate: 1. ConcurrentGAMUpdate: 1. ConcurrentSGAMUpdate: 1, CleanupUnderUserTransaction: 0. TranLevelPVS: 0",INFO,carga2
2026-09-04 05:39:14.430,spid24s,,Starting up database 'model_replicatedmaster'.,Starting up database 'model_replicatedmaster'.,STARTUP,carga2
2026-09-04 05:39:14.430,spid26s,,Starting up database 'mssqlsystemresource'.,Starting up database 'mssqlsystemresource'.,STARTUP,carga2
2026-09-04 05:39:14.440,spid26s,,The resource database build version is 16.00.4265. This is an informational message only. No user action is required.,The resource database build version is 16.00.4265. This is an informational message only. No user action is required.,INFO,carga2
2026-09-04 05:39:14.510,spid26s,,"[3]. Feature Status: PVS: 0. CTR: 0. ConcurrentPFSUpdate: 1. ConcurrentGAMUpdate: 1. ConcurrentSGAMUpdate: 1, CleanupUnderUserTransaction: 0. TranLevelPVS: 0","[3]. Feature Status: PVS: 0. CTR: 0. ConcurrentPFSUpdate: 1. ConcurrentGAMUpdate: 1. ConcurrentSGAMUpdate: 1, CleanupUnderUserTransaction: 0. TranLevelPVS: 0",INFO,carga2
2026-09-04 05:39:14.510,spid26s,,Starting up database 'model'.,Starting up database 'model'.,STARTUP,carga2
2026-09-04 05:39:14.600,Server,,Common language runtime (CLR) functionality initialized.,Common language runtime (CLR) functionality initialized.,INFO,carga2
2026-09-04 05:39:14.610,spid24s,,Converting database 'model_replicatedmaster' from version 927 to the current version 957.,Converting database 'model_replicatedmaster' from version 927 to the current version 957.,INFO,carga2
2026-09-04 05:39:14.610,spid24s,,Database 'model_replicatedmaster' running the upgrade step from version 927 to version 928.,Database 'model_replicatedmaster' running the upgrade step from version 927 to version 928.,INFO,carga2
2026-09-04 05:39:14.770,Server,,External governance manager initialized,External governance manager initialized,INFO,carga2
2026-09-04 05:39:14.790,spid24s,,Database 'model_replicatedmaster' running the upgrade step from version 928 to version 929.,Database 'model_replicatedmaster' running the upgrade step from version 928 to version 929.,INFO,carga2
2026-09-04 05:39:15.050,spid24s,,Database 'model_replicatedmaster' running the upgrade step from version 929 to version 930.,Database 'model_replicatedmaster' running the upgrade step from version 929 to version 930.,INFO,carga2
2026-09-04 05:39:15.160,spid24s,,Database 'model_replicatedmaster' running the upgrade step from version 930 to version 931.,Database 'model_replicatedmaster' running the upgrade step from version 930 to version 931.,INFO,carga2
2026-09-04 05:39:15.310,spid24s,,Database 'model_replicatedmaster' running the upgrade step from version 931 to version 932.,Database 'model_replicatedmaster' running the upgrade step from version 931 to version 932.,INFO,carga2
2026-09-04 05:39:15.460,spid24s,,Database 'model_replicatedmaster' running the upgrade step from version 932 to version 933.,Database 'model_replicatedmaster' running the upgrade step from version 932 to version 933.,INFO,carga2
2026-09-04 05:39:15.530,spid32s,,A self-generated certificate was successfully loaded for encryption.,A self-generated certificate was successfully loaded for encryption.,INFO,carga2
2026-09-04 05:39:15.540,spid32s,,Server is listening on [ 'any' <ipv6> 1433] accept sockets 1.,Server is listening on [ 'any' <ipv6> 1433] accept sockets 1.,INFO,carga2
2026-09-04 05:39:15.540,spid32s,,Server is listening on [ 'any' <ipv4> 1433] accept sockets 1.,Server is listening on [ 'any' <ipv4> 1433] accept sockets 1.,INFO,carga2
2026-09-04 05:39:15.550,Server,,Server is listening on [ ::1 <ipv6> 1434] accept sockets 1.,Server is listening on [ ::1 <ipv6> 1434] accept sockets 1.,INFO,carga2
2026-09-04 05:39:15.550,Server,,Server is listening on [ 127.0.0.1 <ipv4> 1434] accept sockets 1.,Server is listening on [ 127.0.0.1 <ipv4> 1434] accept sockets 1.,INFO,carga2
2026-09-04 05:39:15.550,Server,,Dedicated admin connection support was established for listening locally on port 1434.,Dedicated admin connection support was established for listening locally on port 1434.,INFO,carga2
2026-09-04 05:39:15.560,spid32s,,Server is listening on [ ::1 <ipv6> 1431] accept sockets 1.,Server is listening on [ ::1 <ipv6> 1431] accept sockets 1.,INFO,carga2
2026-09-04 05:39:15.560,spid32s,,Server is listening on [ 127.0.0.1 <ipv4> 1431] accept sockets 1.,Server is listening on [ 127.0.0.1 <ipv4> 1431] accept sockets 1.,INFO,carga2
2026-09-04 05:39:15.560,spid32s,,SQL Server is now ready for client connections. This is an informational message; no user action is required.,SQL Server is now ready for client connections. This is an informational message; no user action is required.,STARTUP,carga2
2026-09-04 05:39:15.570,spid24s,,Database 'model_replicatedmaster' running the upgrade step from version 933 to version 934.,Database 'model_replicatedmaster' running the upgrade step from version 933 to version 934.,INFO,carga2
2026-09-04 05:39:15.680,spid24s,,Database 'model_replicatedmaster' running the upgrade step from version 934 to version 935.,Database 'model_replicatedmaster' running the upgrade step from version 934 to version 935.,INFO,carga2
2026-09-04 05:39:15.780,spid24s,,Database 'model_replicatedmaster' running the upgrade step from version 935 to version 936.,Database 'model_replicatedmaster' running the upgrade step from version 935 to version 936.,INFO,carga2
2026-09-04 05:39:15.970,spid24s,,Database 'model_replicatedmaster' running the upgrade step from version 936 to version 937.,Database 'model_replicatedmaster' running the upgrade step from version 936 to version 937.,INFO,carga2
2026-09-04 05:39:16.080,spid24s,,Database 'model_replicatedmaster' running the upgrade step from version 937 to version 938.,Database 'model_replicatedmaster' running the upgrade step from version 937 to version 938.,INFO,carga2
2026-09-04 05:39:16.210,spid24s,,Database 'model_replicatedmaster' running the upgrade step from version 938 to version 939.,Database 'model_replicatedmaster' running the upgrade step from version 938 to version 939.,INFO,carga2
2026-09-04 05:39:16.330,spid24s,,Database 'model_replicatedmaster' running the upgrade step from version 939 to version 940.,Database 'model_replicatedmaster' running the upgrade step from version 939 to version 940.,INFO,carga2
2026-09-04 05:39:16.440,spid24s,,Database 'model_replicatedmaster' running the upgrade step from version 940 to version 941.,Database 'model_replicatedmaster' running the upgrade step from version 940 to version 941.,INFO,carga2
2026-09-04 05:39:16.540,spid24s,,Database 'model_replicatedmaster' running the upgrade step from version 941 to version 942.,Database 'model_replicatedmaster' running the upgrade step from version 941 to version 942.,INFO,carga2
2026-09-04 05:39:16.660,spid24s,,Database 'model_replicatedmaster' running the upgrade step from version 942 to version 943.,Database 'model_replicatedmaster' running the upgrade step from version 942 to version 943.,INFO,carga2
2026-09-04 05:39:16.990,spid24s,,Database 'model_replicatedmaster' running the upgrade step from version 943 to version 944.,Database 'model_replicatedmaster' running the upgrade step from version 943 to version 944.,INFO,carga2
2026-09-04 05:39:17.130,spid24s,,Database 'model_replicatedmaster' running the upgrade step from version 944 to version 945.,Database 'model_replicatedmaster' running the upgrade step from version 944 to version 945.,INFO,carga2
2026-09-04 05:39:17.260,spid24s,,Database 'model_replicatedmaster' running the upgrade step from version 945 to version 946.,Database 'model_replicatedmaster' running the upgrade step from version 945 to version 946.,INFO,carga2
2026-09-04 05:39:17.370,spid24s,,Database 'model_replicatedmaster' running the upgrade step from version 946 to version 947.,Database 'model_replicatedmaster' running the upgrade step from version 946 to version 947.,INFO,carga2
2026-09-04 05:39:17.460,spid24s,,Database 'model_replicatedmaster' running the upgrade step from version 947 to version 948.,Database 'model_replicatedmaster' running the upgrade step from version 947 to version 948.,INFO,carga2
2026-09-04 05:39:17.570,spid24s,,Database 'model_replicatedmaster' running the upgrade step from version 948 to version 949.,Database 'model_replicatedmaster' running the upgrade step from version 948 to version 949.,INFO,carga2
2026-09-04 05:39:17.680,spid24s,,Database 'model_replicatedmaster' running the upgrade step from version 949 to version 950.,Database 'model_replicatedmaster' running the upgrade step from version 949 to version 950.,INFO,carga2
2026-09-04 05:39:17.800,spid24s,,Database 'model_replicatedmaster' running the upgrade step from version 950 to version 951.,Database 'model_replicatedmaster' running the upgrade step from version 950 to version 951.,INFO,carga2
2026-09-04 05:39:17.940,spid24s,,Database 'model_replicatedmaster' running the upgrade step from version 951 to version 952.,Database 'model_replicatedmaster' running the upgrade step from version 951 to version 952.,INFO,carga2
2026-09-04 05:39:18.070,spid24s,,Database 'model_replicatedmaster' running the upgrade step from version 952 to version 953.,Database 'model_replicatedmaster' running the upgrade step from version 952 to version 953.,INFO,carga2
2026-09-04 05:39:18.290,spid24s,,Database 'model_replicatedmaster' running the upgrade step from version 953 to version 954.,Database 'model_replicatedmaster' running the upgrade step from version 953 to version 954.,INFO,carga2
2026-09-04 05:39:18.430,spid24s,,Database 'model_replicatedmaster' running the upgrade step from version 954 to version 955.,Database 'model_replicatedmaster' running the upgrade step from version 954 to version 955.,INFO,carga2
2026-09-04 05:39:18.540,spid24s,,Database 'model_replicatedmaster' running the upgrade step from version 955 to version 956.,Database 'model_replicatedmaster' running the upgrade step from version 955 to version 956.,INFO,carga2
2026-09-04 05:39:18.720,spid24s,,Database 'model_replicatedmaster' running the upgrade step from version 956 to version 957.,Database 'model_replicatedmaster' running the upgrade step from version 956 to version 957.,INFO,carga2
2026-09-04 05:39:19.230,spid24s,,"[32761]. Feature Status: PVS: 0. CTR: 0. ConcurrentPFSUpdate: 1. ConcurrentGAMUpdate: 1. ConcurrentSGAMUpdate: 1, CleanupUnderUserTransaction: 0. TranLevelPVS: 0","[32761]. Feature Status: PVS: 0. CTR: 0. ConcurrentPFSUpdate: 1. ConcurrentGAMUpdate: 1. ConcurrentSGAMUpdate: 1, CleanupUnderUserTransaction: 0. TranLevelPVS: 0",INFO,carga2
2026-09-04 05:39:19.230,spid24s,,Starting up database 'model_msdb'.,Starting up database 'model_msdb'.,STARTUP,carga2
2026-09-04 05:39:19.470,spid24s,,Converting database 'model_msdb' from version 927 to the current version 957.,Converting database 'model_msdb' from version 927 to the current version 957.,INFO,carga2
2026-09-04 05:39:19.480,spid24s,,Database 'model_msdb' running the upgrade step from version 927 to version 928.,Database 'model_msdb' running the upgrade step from version 927 to version 928.,INFO,carga2
2026-09-04 05:39:19.540,spid24s,,Database 'model_msdb' running the upgrade step from version 928 to version 929.,Database 'model_msdb' running the upgrade step from version 928 to version 929.,INFO,carga2
2026-09-04 05:39:19.630,spid24s,,Database 'model_msdb' running the upgrade step from version 929 to version 930.,Database 'model_msdb' running the upgrade step from version 929 to version 930.,INFO,carga2
2026-09-04 05:39:19.670,spid24s,,Database 'model_msdb' running the upgrade step from version 930 to version 931.,Database 'model_msdb' running the upgrade step from version 930 to version 931.,INFO,carga2
2026-09-04 05:39:19.720,spid24s,,Database 'model_msdb' running the upgrade step from version 931 to version 932.,Database 'model_msdb' running the upgrade step from version 931 to version 932.,INFO,carga2
2026-09-04 05:39:19.750,spid24s,,Database 'model_msdb' running the upgrade step from version 932 to version 933.,Database 'model_msdb' running the upgrade step from version 932 to version 933.,INFO,carga2
2026-09-04 05:39:19.770,spid24s,,Database 'model_msdb' running the upgrade step from version 933 to version 934.,Database 'model_msdb' running the upgrade step from version 933 to version 934.,INFO,carga2
2026-09-04 05:39:19.800,spid24s,,Database 'model_msdb' running the upgrade step from version 934 to version 935.,Database 'model_msdb' running the upgrade step from version 934 to version 935.,INFO,carga2
2026-09-04 05:39:19.820,spid24s,,Database 'model_msdb' running the upgrade step from version 935 to version 936.,Database 'model_msdb' running the upgrade step from version 935 to version 936.,INFO,carga2
2026-09-04 05:39:19.850,spid24s,,Database 'model_msdb' running the upgrade step from version 936 to version 937.,Database 'model_msdb' running the upgrade step from version 936 to version 937.,INFO,carga2
2026-09-04 05:39:19.870,spid24s,,Database 'model_msdb' running the upgrade step from version 937 to version 938.,Database 'model_msdb' running the upgrade step from version 937 to version 938.,INFO,carga2
2026-09-04 05:39:19.890,spid24s,,Database 'model_msdb' running the upgrade step from version 938 to version 939.,Database 'model_msdb' running the upgrade step from version 938 to version 939.,INFO,carga2
2026-09-04 05:39:19.920,spid24s,,Database 'model_msdb' running the upgrade step from version 939 to version 940.,Database 'model_msdb' running the upgrade step from version 939 to version 940.,INFO,carga2
2026-09-04 05:39:19.940,spid24s,,Database 'model_msdb' running the upgrade step from version 940 to version 941.,Database 'model_msdb' running the upgrade step from version 940 to version 941.,INFO,carga2
2026-09-04 05:39:19.960,spid24s,,Database 'model_msdb' running the upgrade step from version 941 to version 942.,Database 'model_msdb' running the upgrade step from version 941 to version 942.,INFO,carga2
2026-09-04 05:39:19.990,spid24s,,Database 'model_msdb' running the upgrade step from version 942 to version 943.,Database 'model_msdb' running the upgrade step from version 942 to version 943.,INFO,carga2
2026-09-04 05:39:20.080,spid24s,,Database 'model_msdb' running the upgrade step from version 943 to version 944.,Database 'model_msdb' running the upgrade step from version 943 to version 944.,INFO,carga2
2026-09-04 05:39:20.110,spid24s,,Database 'model_msdb' running the upgrade step from version 944 to version 945.,Database 'model_msdb' running the upgrade step from version 944 to version 945.,INFO,carga2
2026-09-04 05:39:20.170,spid24s,,Database 'model_msdb' running the upgrade step from version 945 to version 946.,Database 'model_msdb' running the upgrade step from version 945 to version 946.,INFO,carga2
2026-09-04 05:39:20.200,spid24s,,Database 'model_msdb' running the upgrade step from version 946 to version 947.,Database 'model_msdb' running the upgrade step from version 946 to version 947.,INFO,carga2
2026-09-04 05:39:20.220,spid24s,,Database 'model_msdb' running the upgrade step from version 947 to version 948.,Database 'model_msdb' running the upgrade step from version 947 to version 948.,INFO,carga2
2026-09-04 05:39:20.250,spid24s,,Database 'model_msdb' running the upgrade step from version 948 to version 949.,Database 'model_msdb' running the upgrade step from version 948 to version 949.,INFO,carga2
2026-09-04 05:39:20.280,spid24s,,Database 'model_msdb' running the upgrade step from version 949 to version 950.,Database 'model_msdb' running the upgrade step from version 949 to version 950.,INFO,carga2
2026-09-04 05:39:20.300,spid24s,,Database 'model_msdb' running the upgrade step from version 950 to version 951.,Database 'model_msdb' running the upgrade step from version 950 to version 951.,INFO,carga2
2026-09-04 05:39:20.350,spid24s,,Database 'model_msdb' running the upgrade step from version 951 to version 952.,Database 'model_msdb' running the upgrade step from version 951 to version 952.,INFO,carga2
2026-09-04 05:39:20.370,spid24s,,Database 'model_msdb' running the upgrade step from version 952 to version 953.,Database 'model_msdb' running the upgrade step from version 952 to version 953.,INFO,carga2
2026-09-04 05:39:20.410,spid24s,,Database 'model_msdb' running the upgrade step from version 953 to version 954.,Database 'model_msdb' running the upgrade step from version 953 to version 954.,INFO,carga2
2026-09-04 05:39:20.430,spid24s,,Database 'model_msdb' running the upgrade step from version 954 to version 955.,Database 'model_msdb' running the upgrade step from version 954 to version 955.,INFO,carga2
2026-09-04 05:39:20.460,spid24s,,Database 'model_msdb' running the upgrade step from version 955 to version 956.,Database 'model_msdb' running the upgrade step from version 955 to version 956.,INFO,carga2
2026-09-04 05:39:20.540,spid24s,,Database 'model_msdb' running the upgrade step from version 956 to version 957.,Database 'model_msdb' running the upgrade step from version 956 to version 957.,INFO,carga2
2026-09-04 05:39:20.690,spid24s,,Resource governor reconfiguration succeeded.,Resource governor reconfiguration succeeded.,CONFIGURATION,carga2
2026-09-04 05:39:20.690,spid24s,,SQL Server Audit is starting the audits. This is an informational message. No user action is required.,SQL Server Audit is starting the audits. This is an informational message. No user action is required.,STARTUP,carga2
2026-09-04 05:39:20.690,spid41s,,Attribute synchronization initialized,Attribute synchronization initialized,INFO,carga2
2026-09-04 05:39:20.690,spid41s,,Attribute synchronization manager initialized,Attribute synchronization manager initialized,INFO,carga2
2026-09-04 05:39:20.690,spid24s,,SQL Server Audit has started the audits. This is an informational message. No user action is required.,SQL Server Audit has started the audits. This is an informational message. No user action is required.,STARTUP,carga2
2026-09-04 05:39:20.860,spid24s,,"SQL Trace ID 1 was started by login ""sa"".","SQL Trace ID 1 was started by login ""sa"".",STARTUP,carga2
2026-09-04 05:39:20.890,spid24s,,Server name is 'fadf03e4e65e'. This is an informational message only. No user action is required.,Server name is 'fadf03e4e65e'. This is an informational message only. No user action is required.,INFO,carga2
2026-09-04 05:39:20.950,spid26s,,Clearing tempdb database.,Clearing tempdb database.,INFO,carga2
2026-09-04 05:39:20.950,spid60s,,Always On: The availability replica manager is starting. This is an informational message only. No user action is required.,Always On: The availability replica manager is starting. This is an informational message only. No user action is required.,STARTUP,carga2
2026-09-04 05:39:20.950,spid56s,,"[4]. Feature Status: PVS: 0. CTR: 0. ConcurrentPFSUpdate: 1. ConcurrentGAMUpdate: 1. ConcurrentSGAMUpdate: 1, CleanupUnderUserTransaction: 0. TranLevelPVS: 0","[4]. Feature Status: PVS: 0. CTR: 0. ConcurrentPFSUpdate: 1. ConcurrentGAMUpdate: 1. ConcurrentSGAMUpdate: 1, CleanupUnderUserTransaction: 0. TranLevelPVS: 0",INFO,carga2
2026-09-04 05:39:20.950,spid57s,,"[5]. Feature Status: PVS: 0. CTR: 0. ConcurrentPFSUpdate: 1. ConcurrentGAMUpdate: 1. ConcurrentSGAMUpdate: 1, CleanupUnderUserTransaction: 0. TranLevelPVS: 0","[5]. Feature Status: PVS: 0. CTR: 0. ConcurrentPFSUpdate: 1. ConcurrentGAMUpdate: 1. ConcurrentSGAMUpdate: 1, CleanupUnderUserTransaction: 0. TranLevelPVS: 0",INFO,carga2
2026-09-04 05:39:20.950,spid60s,,Always On: The availability replica manager is waiting for the instance of SQL Server to allow client connections. This is an informational message only. No user action is required.,Always On: The availability replica manager is waiting for the instance of SQL Server to allow client connections. This is an informational message only. No user action is required.,INFO,carga2
2026-09-04 05:39:20.960,spid56s,,Starting up database 'msdb'.,Starting up database 'msdb'.,STARTUP,carga2
2026-09-04 05:39:20.960,spid57s,,Starting up database 'SteelNort'.,Starting up database 'SteelNort'.,STARTUP,carga2
2026-09-04 05:39:20.970,spid57s,,RemoveStaleDbEntries: Cleanup of stale DB entries called for database ID: [5],RemoveStaleDbEntries: Cleanup of stale DB entries called for database ID: [5],INFO,carga2
2026-09-04 05:39:20.970,spid57s,,RemoveStaleDbEntries: Cleanup of stale DB entries skipped because master db is not memory optimized. DbId: 5.,RemoveStaleDbEntries: Cleanup of stale DB entries skipped because master db is not memory optimized. DbId: 5.,INFO,carga2
2026-09-04 05:39:21.080,spid57s,,Parallel redo is started for database 'SteelNort' with worker pool size [3].,Parallel redo is started for database 'SteelNort' with worker pool size [3].,STARTUP,carga2
2026-09-04 05:39:21.150,spid24s,,Recovery is writing a checkpoint in database 'msdb' (4). This is an informational message only. No user action is required.,Recovery is writing a checkpoint in database 'msdb' (4). This is an informational message only. No user action is required.,STARTUP,carga2
2026-09-04 05:39:21.310,spid26s,,"[2]. Feature Status: PVS: 0. CTR: 0. ConcurrentPFSUpdate: 1. ConcurrentGAMUpdate: 1. ConcurrentSGAMUpdate: 1, CleanupUnderUserTransaction: 0. TranLevelPVS: 0","[2]. Feature Status: PVS: 0. CTR: 0. ConcurrentPFSUpdate: 1. ConcurrentGAMUpdate: 1. ConcurrentSGAMUpdate: 1, CleanupUnderUserTransaction: 0. TranLevelPVS: 0",INFO,carga2
2026-09-04 05:39:21.320,spid26s,,Starting up database 'tempdb'.,Starting up database 'tempdb'.,STARTUP,carga2
2026-09-04 05:39:21.480,spid57s,,Recovery of database 'SteelNort' (5) is 1% complete (approximately 28 seconds remain). Phase 2 of 3. This is an informational message only. No user action is required.,Recovery of database 'SteelNort' (5) is 1% complete (approximately 28 seconds remain). Phase 2 of 3. This is an informational message only. No user action is required.,STARTUP,carga2
2026-09-04 05:39:21.760,spid57s,,2274 transactions rolled forward in database 'SteelNort' (5:0). This is an informational message only. No user action is required.,2274 transactions rolled forward in database 'SteelNort' (5:0). This is an informational message only. No user action is required.,INFO,carga2
2026-09-04 05:39:21.870,spid57s,,0 transactions rolled back in database 'SteelNort' (5:0). This is an informational message only. No user action is required.,0 transactions rolled back in database 'SteelNort' (5:0). This is an informational message only. No user action is required.,INFO,carga2
2026-09-04 05:39:21.870,spid57s,,Recovery is writing a checkpoint in database 'SteelNort' (5). This is an informational message only. No user action is required.,Recovery is writing a checkpoint in database 'SteelNort' (5). This is an informational message only. No user action is required.,STARTUP,carga2
2026-09-04 05:39:21.920,spid57s,,Parallel redo is shutdown for database 'SteelNort' with worker pool size [3].,Parallel redo is shutdown for database 'SteelNort' with worker pool size [3].,INFO,carga2
2026-09-04 05:39:22.620,spid26s,,The tempdb database has 8 data file(s).,The tempdb database has 8 data file(s).,INFO,carga2
2026-09-04 05:39:22.640,spid34s,,The Service Broker endpoint is in disabled or stopped state.,The Service Broker endpoint is in disabled or stopped state.,INFO,carga2
2026-09-04 05:39:22.640,spid34s,,The Database Mirroring endpoint is in disabled or stopped state.,The Database Mirroring endpoint is in disabled or stopped state.,INFO,carga2
2026-09-04 05:39:22.660,spid34s,,Service Broker manager has started.,Service Broker manager has started.,STARTUP,carga2
2026-09-04 05:39:22.670,spid24s,,Recovery is complete. This is an informational message only. No user action is required.,Recovery is complete. This is an informational message only. No user action is required.,STARTUP,carga2
2026-09-04 05:39:55.300,spid71,,Attempting to load library 'xpstar.dll' into memory. This is an informational message only. No user action is required.,Attempting to load library 'xpstar.dll' into memory. This is an informational message only. No user action is required.,INFO,carga2
2026-09-04 05:39:55.360,spid71,,Using 'xpstar.dll' version '2022.160.4265' to execute extended stored procedure 'xp_readerrorlog'. This is an informational message only; no user action is required.,Using 'xpstar.dll' version '2022.160.4265' to execute extended stored procedure 'xp_readerrorlog'. This is an informational message only; no user action is required.,ERROR,carga2
2026-09-04 05:46:10.690,spid76,,Attempting to load library 'xplog70.dll' into memory. This is an informational message only. No user action is required.,Attempting to load library 'xplog70.dll' into memory. This is an informational message only. No user action is required.,INFO,carga2
2026-09-04 05:46:10.750,spid76,,Using 'xplog70.dll' version '2022.160.4265' to execute extended stored procedure 'xp_msver'. This is an informational message only; no user action is required.,Using 'xplog70.dll' version '2022.160.4265' to execute extended stored procedure 'xp_msver'. This is an informational message only; no user action is required.,INFO,carga2
2026-09-04 05:48:23.300,spid76,,Using 'dbghelp.dll' version '4.0.5',Using 'dbghelp.dll' version '4.0.5',INFO,carga2
