timestamp,active_requests,active_sessions,api_latency_ms,api_status,auditoria_locks,batch_requests_per_sec,buffer_cache_hit_ratio,caja_locks,cost_threshold,cpu_idl,cpu_stl,cpu_sys,cpu_usr,cpu_wai,database_size_mb,deadlocks_per_sec,detalle_venta_locks,disk_read_per_sec,disk_write_per_sec,idle_sessions,inventario_locks,kardex_locks,load1,load15,load5,lock_waits,max_server_memory,memory_available_mb,memory_percent,memory_used_mb,movimiento_caja_locks,net_recv_per_sec,net_send_per_sec,page_life_expectancy,page_reads_per_sec,page_writes_per_sec,products_count,rollbacks_per_sec,sales_count,sql_compilations_per_sec,total_locks,total_reads,total_writes,transactions_per_sec,user_connections_setting,venta_locks,cpu_total,events_login_count,events_logout_count,events_wait_count,events_lock_count,events_batch_count,query_duration_max_ms,query_duration_avg_ms,cpu_time_sum_ms,logical_reads_sum,writes_sum,wait_lck_count,wait_io_count,wait_log_count,distinct_sessions_count,query_count,wait_count,lock_event_count,error_count,duration_max_ms,duration_avg_ms,long_queries,long_transactions,log_error_count,log_warning_count,log_fatal_count,requests_per_session
2026-09-04 05:39:55,12.0,23.0,208.0,200.0,0.0,,100.0,0.0,,0.0,0.0,0.0,0.0,0.0,0.0,0.0,0.0,36350725.0,0.0,21.0,0.0,0.0,1.4,1.7,0.5,0.0,,2255.0,42.4,1661.0,0.0,164565.0,55388.0,41.0,,,702.0,,0.0,,13.0,,,,,0.0,0.0,0,0,0,0,0,0.0,0.0,0.0,0.0,0.0,0,0,0,0,0,0,0,0,0.0,0.0,0,0,2,0,0,0.5217391304347826
2026-09-04 05:40:06,11.0,23.0,5008.0,0.0,0.0,0.0,100.0,0.0,,32.5,0.0,17.5,43.8,0.6,0.0,0.0,0.0,16600818.0,1009934.0,22.0,0.0,0.0,2.77,1.79,0.83,0.0,,2189.0,44.1,1727.0,0.0,42599.0,7436.0,52.0,0.0,0.0,0.0,0.0,0.0,0.0,13.0,0.36363636363636365,0.8181818181818182,89.42,,0.0,61.3,0,0,0,17,8,2180.0,833.625,202.0,80.0,0.0,0,0,0,3,8,0,17,0,2180.0,833.625,0,0,1,0,0,0.4782608695652174
2026-09-04 05:40:21,24.0,34.0,5008.0,0.0,0.0,0.0,100.0,0.0,,22.1,0.0,16.8,54.4,0.3,0.0,0.0,0.0,95120.0,3939119.0,32.0,0.0,0.0,4.06,1.9,1.22,0.0,,2170.0,44.6,1746.0,0.0,51273.0,5369.0,68.0,0.0,0.0,0.0,0.0,0.0,0.0,13.0,0.26666666666666666,9.133333333333333,158.55,,0.0,71.2,0,0,0,1,7,2243.0,1228.4285714285713,253.0,0.0,0.0,0,0,0,3,7,0,1,0,2243.0,1228.4285714285713,0,0,0,0,0,0.7058823529411765
2026-09-04 05:40:36,22.0,34.0,5008.0,0.0,0.0,0.0,100.0,0.0,,26.6,0.0,16.7,49.2,0.0,0.0,0.0,0.0,118115.0,3433691.0,32.0,0.0,0.0,5.33,2.03,1.63,0.0,,2113.0,46.1,1803.0,0.0,35752.0,5587.0,83.0,0.0,0.0,0.0,0.0,0.0,0.0,13.0,0.2,0.4,116.99,,0.0,65.9,0,0,0,1,5,2247.0,964.6,511.0,0.0,0.0,0,0,0,1,5,0,1,0,2247.0,964.6,0,0,0,0,0,0.6470588235294118
2026-09-04 05:40:52,22.0,34.0,5006.0,0.0,0.0,0.0,100.0,0.0,,28.4,0.0,16.2,47.9,0.1,0.0,0.0,0.0,77375.0,4550014.0,33.0,0.0,0.0,5.7,2.11,1.9,0.0,,2088.0,46.7,1828.0,0.0,36076.0,5767.0,99.0,0.0,0.0,0.0,0.0,0.0,0.0,13.0,0.0,0.1875,121.5,,0.0,64.1,0,0,0,0,4,2136.0,1082.0,231.0,0.0,0.0,0,0,0,1,4,0,0,0,2136.0,1082.0,0,0,0,0,0,0.6470588235294118
2026-09-04 05:41:07,23.0,34.0,5007.0,0.0,0.0,0.0,100.0,0.0,,28.1,0.0,16.4,47.9,0.0,0.0,0.0,0.0,62122.0,3899071.0,33.0,0.0,0.0,5.89,2.18,2.12,0.0,,2081.0,46.9,1835.0,0.0,34020.0,5726.0,114.0,0.0,0.0,0.0,0.0,0.0,0.0,13.0,0.0,0.2,78.34,,0.0,64.3,0,0,0,0,5,2176.0,1301.8,354.0,0.0,0.0,0,0,0,1,5,0,0,0,2176.0,1301.8,0,0,0,0,0,0.6764705882352942
2026-09-04 05:41:22,23.0,34.0,5007.0,0.0,0.0,0.0,100.0,0.0,,28.2,0.0,16.6,47.2,0.0,0.0,0.0,0.0,90402.0,4310519.0,33.0,0.0,0.0,6.41,2.27,2.41,0.0,,2075.0,47.0,1842.0,0.0,33162.0,5417.0,129.0,0.0,0.0,0.0,0.0,0.0,0.0,14.0,0.0,0.2,122.05,,0.0,63.800000000000004,0,0,0,0,4,2172.0,1089.25,260.0,0.0,0.0,0,0,0,2,4,0,0,0,2172.0,1089.25,0,0,0,0,0,0.6764705882352942
2026-09-04 05:41:37,22.0,34.0,5007.0,0.0,0.0,0.0,100.0,0.0,,28.3,0.0,16.2,47.8,0.3,0.0,0.0,0.0,191286.0,6567829.0,33.0,0.0,0.0,7.41,2.41,2.83,0.0,,2051.0,47.6,1865.0,0.0,38754.0,5725.0,144.0,0.0,0.0,0.0,0.0,0.0,0.0,13.0,0.0,0.5333333333333333,152.15,,0.0,64.0,0,0,0,14,6,2065.0,1032.3333333333333,70.0,0.0,0.0,0,0,0,3,6,0,14,0,2065.0,1032.3333333333333,0,0,0,0,0,0.6470588235294118
2026-09-04 05:41:53,22.0,34.0,5006.0,0.0,0.0,0.0,100.0,0.0,,29.2,0.0,17.5,45.5,0.1,0.0,0.0,0.0,35589.0,4437592.0,30.0,0.0,0.0,8.21,2.55,3.23,0.0,,2038.0,48.0,1878.0,0.0,35962.0,5513.0,159.0,0.0,0.0,0.0,0.0,0.0,0.0,13.0,0.0,0.4375,148.96,,0.0,63.0,0,0,0,0,4,2265.0,1189.0,442.0,0.0,0.0,0,0,0,1,4,0,0,0,2265.0,1189.0,0,0,0,0,0,0.6470588235294118
2026-09-04 05:42:08,23.0,34.0,5007.0,0.0,0.0,0.0,100.0,0.0,,29.3,0.0,17.3,45.9,0.1,0.0,0.0,0.0,119909.0,7372537.0,33.0,0.0,0.0,8.26,2.65,3.48,0.0,,2018.0,48.5,1898.0,0.0,36811.0,5737.0,174.0,0.0,0.0,0.0,0.0,0.0,0.0,13.0,0.0,0.7333333333333333,181.06,,0.0,63.2,0,0,0,0,4,2357.0,1211.0,458.0,0.0,0.0,0,0,0,1,4,0,0,0,2357.0,1211.0,0,0,0,0,0,0.6764705882352942
2026-09-04 05:42:23,22.0,34.0,5003.0,0.0,0.0,0.0,100.0,0.0,,29.7,0.0,16.8,45.5,0.1,0.0,0.0,0.0,47564.0,3778376.0,33.0,0.0,0.0,7.47,2.68,3.54,0.0,,2012.0,48.6,1904.0,0.0,39675.0,5818.0,189.0,0.0,0.0,0.0,0.0,0.0,0.0,13.0,0.0,0.13333333333333333,165.01,,0.0,62.3,0,0,0,0,3,2166.0,818.3333333333334,304.0,0.0,0.0,0,0,0,1,3,0,0,0,2166.0,818.3333333333334,0,0,0,0,0,0.6470588235294118
2026-09-04 05:42:38,23.0,34.0,5008.0,0.0,0.0,0.0,100.0,0.0,,29.1,0.0,17.3,45.7,0.1,0.0,0.0,0.0,94836.0,6796010.0,32.0,0.0,0.0,7.55,2.76,3.76,0.0,,2000.0,48.9,1916.0,0.0,38059.0,5880.0,204.0,0.0,0.0,0.0,0.0,0.0,0.0,13.0,0.0,0.4666666666666667,220.19,,0.0,63.0,0,0,0,0,3,2179.0,1499.6666666666667,322.0,0.0,0.0,0,0,0,1,3,0,0,0,2179.0,1499.6666666666667,0,0,0,0,0,0.6764705882352942
2026-09-04 05:42:53,22.0,34.0,5006.0,0.0,0.0,0.0,100.0,0.0,,28.9,0.0,17.0,46.4,0.1,0.0,0.0,0.0,163870.0,3361890.0,33.0,0.0,0.0,8.52,2.91,4.16,0.0,,1951.0,50.2,1965.0,0.0,34804.0,5579.0,220.0,0.0,0.0,0.0,0.0,0.0,0.0,13.0,0.0,0.4,172.16,,0.0,63.4,0,0,0,0,2,2067.0,1058.0,78.0,0.0,0.0,0,0,0,1,2,0,0,0,2067.0,1058.0,0,0,0,0,0,0.6470588235294118
2026-09-04 05:43:08,24.0,35.0,5007.0,0.0,0.0,0.0,100.0,0.0,,29.3,0.0,15.8,47.2,0.1,0.0,0.0,0.0,68552.0,3099128.0,32.0,0.0,0.0,8.23,2.98,4.32,0.0,,1955.0,50.1,1961.0,0.0,36629.0,5579.0,235.0,0.0,0.0,0.0,0.0,0.0,0.0,13.0,0.0,0.7333333333333333,84.67,,0.0,63.0,0,0,0,0,4,2185.0,1107.75,226.0,0.0,0.0,0,0,0,1,4,0,0,0,2185.0,1107.75,0,0,0,0,0,0.6857142857142857
2026-09-04 05:43:24,23.0,34.0,5009.0,0.0,0.0,0.0,100.0,0.0,,30.0,0.0,16.9,45.3,0.1,0.0,0.0,0.0,38334.0,4727264.0,33.0,0.0,0.0,8.16,3.06,4.5,0.0,,1953.0,50.1,1964.0,0.0,36204.0,5606.0,250.0,0.0,0.0,0.0,0.0,0.0,0.0,13.0,0.0,0.1875,157.78,,0.0,62.199999999999996,0,0,0,0,4,2032.0,1019.75,0.0,0.0,0.0,0,0,0,2,4,0,0,0,2032.0,1019.75,0,0,0,0,0,0.6764705882352942
2026-09-04 05:43:39,23.0,34.0,5004.0,0.0,0.0,0.0,100.0,0.0,,28.1,0.0,17.0,47.2,0.1,0.0,0.0,0.0,129432.0,4347249.0,33.0,0.0,0.0,8.85,3.2,4.83,0.0,,1949.0,50.2,1967.0,0.0,36148.0,5769.0,266.0,0.0,0.0,0.0,0.0,0.0,0.0,14.0,0.0,0.13333333333333333,182.71,,0.0,64.2,0,0,0,2,2,2144.0,1132.0,184.0,0.0,0.0,0,0,0,1,2,0,2,0,2144.0,1132.0,0,0,0,0,0,0.6764705882352942
2026-09-04 05:43:54,22.0,34.0,5007.0,0.0,0.0,0.0,100.0,0.0,,28.4,0.0,17.4,46.1,0.3,0.0,0.0,0.0,179809.0,4707663.0,33.0,0.0,0.0,8.23,3.24,4.89,0.0,,1925.0,50.9,1991.0,0.0,33919.0,5547.0,281.0,0.0,0.0,0.0,0.0,0.0,0.0,14.0,0.0,8.333333333333334,155.58,,0.0,63.5,0,0,0,0,11,2096.0,944.2727272727273,158.0,0.0,0.0,0,0,0,4,11,0,0,0,2096.0,944.2727272727273,0,0,0,0,0,0.6470588235294118
2026-09-04 05:44:09,22.0,34.0,5008.0,0.0,0.0,0.0,100.0,0.0,,28.8,0.0,17.0,46.4,0.2,0.0,0.0,0.0,305220.0,4947145.0,33.0,0.0,0.0,8.09,3.31,5.03,0.0,,1915.0,51.1,2001.0,0.0,37590.0,5812.0,296.0,0.0,0.0,0.0,0.0,0.0,0.0,13.0,0.0,5.466666666666667,218.81,,0.0,63.4,0,0,0,1,9,2209.0,1170.111111111111,202.0,0.0,0.0,0,0,0,5,9,0,1,0,2209.0,1170.111111111111,0,0,0,0,0,0.6470588235294118
2026-09-04 05:44:24,22.0,35.0,5004.0,0.0,0.0,0.0,100.0,0.0,,27.1,0.0,17.8,47.8,0.2,0.0,0.0,0.0,10825549.0,3743376.0,33.0,0.0,0.0,7.78,3.37,5.11,0.0,,1845.0,52.9,2071.0,0.0,34798.0,5516.0,311.0,0.0,0.0,0.0,0.0,0.0,0.0,13.0,0.0,0.6666666666666666,112.75,,0.0,65.6,0,0,0,1,2,2235.0,1223.0,254.0,0.0,0.0,0,0,0,1,2,0,1,0,2235.0,1223.0,0,0,0,0,0,0.6285714285714286
2026-09-04 05:44:40,23.0,35.0,5007.0,0.0,0.0,0.0,100.0,0.0,,28.2,0.0,16.7,47.4,0.1,0.0,0.0,0.0,74369.0,7477170.0,34.0,0.0,0.0,8.37,3.48,5.37,0.0,,1823.0,53.4,2093.0,0.0,35366.0,5808.0,326.0,0.0,0.0,0.0,0.0,0.0,0.0,13.0,0.0,0.1875,118.19,,0.0,64.1,0,0,0,8,6,2105.0,1048.6666666666667,162.0,0.0,0.0,0,0,0,3,6,0,8,0,2105.0,1048.6666666666667,0,0,0,0,0,0.6571428571428571
2026-09-04 05:44:55,23.0,36.0,5007.0,0.0,0.0,0.0,100.0,0.0,5.0,28.7,0.0,17.3,46.0,0.4,0.0,0.0,0.0,258321.0,4365309.0,34.0,0.0,0.0,9.27,3.62,5.71,0.0,4096.0,1807.0,53.9,2109.0,0.0,35433.0,5678.0,342.0,0.0,0.0,0.0,0.0,0.0,0.0,29.0,0.0,0.26666666666666666,106.78,0.0,0.0,63.3,0,0,0,8,1,68.0,68.0,61.0,0.0,0.0,0,0,0,1,1,0,8,0,68.0,68.0,0,0,0,0,0,0.6388888888888888
2026-09-04 05:45:10,23.0,36.0,5006.0,0.0,0.0,0.0,100.0,0.0,,28.6,0.0,16.4,47.6,0.1,0.0,0.0,0.0,134841.0,6175179.0,34.0,0.0,0.0,9.22,3.71,5.87,0.0,,1798.0,54.1,2118.0,0.0,34828.0,5628.0,357.0,0.0,0.0,0.0,0.0,0.0,0.0,13.0,0.0,0.4,134.45,,0.0,64.0,0,0,0,0,7,2103.0,1188.7142857142858,169.0,0.0,0.0,0,0,0,3,7,0,0,0,2103.0,1188.7142857142858,0,0,0,0,0,0.6388888888888888
2026-09-04 05:45:25,23.0,36.0,5007.0,0.0,0.0,0.0,100.0,0.0,,28.7,0.0,16.9,46.8,0.1,0.0,0.0,0.0,807.0,3963139.0,34.0,0.0,0.0,9.56,3.82,6.11,0.0,,1794.0,54.2,2122.0,0.0,35531.0,5700.0,372.0,0.0,0.0,0.0,0.0,0.0,0.0,13.0,0.0,0.2,171.21,,0.0,63.699999999999996,0,0,0,0,8,2196.0,806.25,206.0,0.0,0.0,0,0,0,5,8,0,0,0,2196.0,806.25,0,0,0,0,0,0.6388888888888888
2026-09-04 05:45:40,22.0,35.0,5006.0,0.0,0.0,0.0,100.0,0.0,,29.5,0.0,18.6,44.2,0.0,0.0,0.0,0.0,131331.0,3504678.0,34.0,0.0,0.0,10.18,3.96,6.41,0.0,,1790.0,54.3,2126.0,0.0,34734.0,5800.0,387.0,0.0,0.0,0.0,0.0,0.0,0.0,13.0,0.0,0.26666666666666666,119.3,,0.0,62.800000000000004,0,0,0,0,10,2366.0,1335.0,540.0,0.0,0.0,0,0,0,5,10,0,0,0,2366.0,1335.0,0,0,0,0,0,0.6285714285714286
2026-09-04 05:45:56,23.0,36.0,5008.0,0.0,0.0,0.0,100.0,0.0,5.0,29.2,0.0,16.9,45.8,0.1,0.0,0.0,0.0,97647.0,4438070.0,34.0,0.0,0.0,10.08,4.05,6.57,0.0,4096.0,1765.0,54.9,2151.0,0.0,32447.0,5352.0,402.0,0.0,0.0,0.0,0.0,0.0,0.0,13.0,0.0,0.1875,149.1,0.0,0.0,62.699999999999996,0,0,0,0,7,2037.0,892.1428571428571,90.0,0.0,0.0,0,0,0,4,7,0,0,0,2037.0,892.1428571428571,0,0,0,0,0,0.6388888888888888
2026-09-04 05:46:11,24.0,35.0,5008.0,0.0,0.0,0.0,100.0,0.0,,28.5,0.0,17.8,46.0,0.1,0.0,0.0,0.0,954106.0,2887951.0,33.0,0.0,0.0,9.83,4.13,6.69,0.0,,1780.0,54.5,2136.0,0.0,37475.0,5753.0,417.0,0.0,0.0,0.0,0.0,0.0,0.0,13.0,0.0,0.4,192.23,,0.0,63.8,0,0,0,0,8,2300.0,1121.375,490.0,0.0,0.0,0,0,0,3,8,0,0,0,2300.0,1121.375,0,0,0,0,0,0.6857142857142857
2026-09-04 05:46:26,22.0,35.0,5009.0,0.0,0.0,0.0,100.0,0.0,,28.6,0.0,17.8,45.6,0.1,0.0,0.0,0.0,138275.0,5903445.0,34.0,0.0,0.0,10.42,4.26,6.97,0.0,,1764.0,54.9,2152.0,0.0,33347.0,5523.0,432.0,0.0,0.0,0.0,0.0,0.0,0.0,13.0,0.0,0.8666666666666667,142.22,,0.0,63.400000000000006,0,0,0,0,7,2418.0,1273.4285714285713,312.0,0.0,0.0,0,0,0,3,7,0,0,0,2418.0,1273.4285714285713,0,0,0,0,0,0.6285714285714286
2026-09-04 05:46:41,22.0,35.0,5006.0,0.0,0.0,0.0,100.0,0.0,,29.0,0.0,17.2,45.7,0.2,0.0,0.0,0.0,355484.0,5835114.0,34.0,0.0,0.0,9.48,4.32,6.97,0.0,,1757.0,55.1,2159.0,0.0,38283.0,5716.0,447.0,0.0,0.0,0.0,0.0,0.0,0.0,13.0,0.0,0.2,154.33,,0.0,62.900000000000006,0,0,0,0,4,2348.0,1226.0,490.0,0.0,0.0,0,0,0,1,4,0,0,0,2348.0,1226.0,0,0,0,0,0,0.6285714285714286
2026-09-04 05:46:56,25.0,35.0,5010.0,0.0,0.0,0.0,100.0,0.0,,29.1,0.0,16.7,46.4,0.1,0.0,0.0,0.0,225461.0,4911009.0,33.0,0.0,0.0,9.14,4.38,7.02,0.0,,1735.0,55.7,2181.0,0.0,33629.0,5548.0,462.0,0.0,0.0,0.0,0.0,0.0,0.0,13.0,0.0,0.2,129.73,,0.0,63.099999999999994,0,0,0,0,9,2320.0,1068.888888888889,767.0,0.0,0.0,0,0,0,2,9,0,0,0,2320.0,1068.888888888889,0,0,0,0,0,0.7142857142857143
2026-09-04 05:47:12,24.0,35.0,5005.0,0.0,0.0,0.0,100.0,0.0,,29.2,0.0,16.8,46.4,0.0,0.0,0.0,0.0,171208.0,2866323.0,34.0,0.0,0.0,9.16,4.46,7.14,0.0,,1750.0,55.3,2166.0,0.0,36113.0,5861.0,479.0,0.0,0.0,0.0,0.0,0.0,0.0,13.0,0.0,0.125,108.15,,0.0,63.2,0,0,0,0,7,2251.0,1220.0,273.0,0.0,0.0,0,0,0,3,7,0,0,0,2251.0,1220.0,0,0,0,0,0,0.6857142857142857
2026-09-04 05:47:27,10.0,23.0,5005.0,0.0,0.0,0.0,100.0,0.0,,28.4,0.0,17.2,46.0,0.1,0.0,0.0,0.0,17278.0,7300654.0,22.0,0.0,0.0,9.52,4.57,7.32,0.0,,1752.0,55.3,2164.0,0.0,33973.0,5547.0,494.0,0.0,0.0,0.0,0.0,0.0,0.0,13.0,0.0,0.06666666666666667,100.71,,0.0,63.2,0,0,0,2,2,2127.0,1101.5,130.0,0.0,0.0,0,0,0,1,2,0,2,0,2127.0,1101.5,0,0,0,0,0,0.43478260869565216
2026-09-04 05:47:42,10.0,23.0,5009.0,0.0,0.0,0.0,100.0,0.0,,28.4,0.0,17.2,46.4,0.0,0.0,0.0,0.0,43457.0,2975311.0,21.0,0.0,0.0,9.54,4.64,7.43,0.0,,1747.0,55.4,2169.0,0.0,34548.0,5370.0,509.0,0.0,0.0,0.0,0.0,0.0,0.0,13.0,0.0,0.3333333333333333,103.39,,0.0,63.599999999999994,0,0,0,0,4,2163.0,1080.75,192.0,0.0,0.0,0,0,0,2,4,0,0,0,2163.0,1080.75,0,0,0,0,0,0.43478260869565216
2026-09-04 05:47:57,11.0,23.0,5007.0,0.0,0.0,0.0,100.0,0.0,,28.4,0.0,19.1,44.5,0.2,0.0,0.0,0.0,275336.0,8642422.0,21.0,0.0,0.0,10.04,4.76,7.65,0.0,,1733.0,55.7,2183.0,0.0,34678.0,5844.0,524.0,0.0,0.0,0.0,0.0,0.0,0.0,13.0,0.0,0.26666666666666666,196.99,,0.0,63.6,0,0,0,0,9,2114.0,947.4444444444445,282.0,0.0,0.0,0,0,0,3,9,0,0,0,2114.0,947.4444444444445,0,0,0,0,0,0.4782608695652174
2026-09-04 05:48:12,11.0,23.0,5007.0,0.0,0.0,0.0,100.0,0.0,,28.7,0.0,18.2,45.2,0.1,0.0,0.0,0.0,158665.0,3873298.0,22.0,0.0,0.0,9.47,4.8,7.63,0.0,,1742.0,55.5,2174.0,0.0,37528.0,5519.0,539.0,0.0,0.0,0.0,0.0,0.0,0.0,13.0,0.0,0.8,169.13,,0.0,63.400000000000006,0,0,0,0,4,2184.0,1065.25,130.0,0.0,0.0,0,0,0,2,4,0,0,0,2184.0,1065.25,0,0,0,0,0,0.4782608695652174
2026-09-04 05:48:27,12.0,24.0,5007.0,0.0,0.0,0.0,100.0,0.0,,29.3,0.0,17.3,45.5,0.1,0.0,0.0,0.0,1296981.0,3782725.0,21.0,0.0,0.0,9.12,4.85,7.64,0.0,,1739.0,55.6,2177.0,0.0,33654.0,5640.0,554.0,0.0,0.0,0.0,0.0,0.0,0.0,13.0,0.0,0.2,96.32,,0.0,62.8,0,0,0,0,5,2195.0,1298.6,236.0,0.0,0.0,0,0,0,2,5,0,0,0,2195.0,1298.6,0,0,0,0,0,0.5
2026-09-04 05:48:43,12.0,24.0,5005.0,0.0,0.0,0.0,100.0,0.0,,28.6,0.0,17.8,45.7,0.1,0.0,0.0,0.0,181908.0,2967209.0,22.0,0.0,0.0,9.06,4.92,7.7,0.0,,1733.0,55.7,2183.0,0.0,35401.0,5679.0,569.0,0.0,0.0,0.0,0.0,0.0,0.0,13.0,0.125,0.125,207.56,,0.0,63.5,0,0,0,1,4,2080.0,1041.75,88.0,0.0,0.0,0,0,0,2,4,0,1,0,2080.0,1041.75,0,0,0,0,0,0.5
2026-09-04 05:48:58,11.0,23.0,5005.0,0.0,0.0,0.0,100.0,0.0,,28.3,0.0,17.6,46.2,0.2,0.0,0.0,0.0,230103.0,6567793.0,21.0,0.0,0.0,8.73,4.96,7.7,0.0,,1713.0,56.3,2204.0,0.0,37809.0,5874.0,584.0,0.0,0.0,0.0,0.0,0.0,0.0,13.0,0.2,0.4,198.3,,0.0,63.800000000000004,0,0,0,7,6,2273.0,1117.8333333333333,358.0,0.0,0.0,0,0,0,2,6,0,7,0,2273.0,1117.8333333333333,0,0,0,0,0,0.4782608695652174
2026-09-04 05:49:13,10.0,23.0,5006.0,0.0,0.0,0.0,100.0,0.0,,29.8,0.0,17.2,45.3,0.1,0.0,0.0,0.0,282627.0,5487224.0,22.0,0.0,0.0,9.17,5.05,7.85,0.0,,1730.0,55.8,2186.0,0.0,34495.0,5564.0,600.0,0.0,0.0,0.0,0.0,0.0,0.0,13.0,0.0,0.2,113.11,,0.0,62.5,0,0,0,4,4,2153.0,1087.25,218.0,0.0,0.0,0,0,0,1,4,0,4,0,2153.0,1087.25,0,0,0,0,0,0.43478260869565216
2026-09-04 05:49:28,18.0,31.0,5008.0,0.0,0.0,0.0,100.0,0.0,,29.5,0.0,16.6,46.1,0.1,0.0,0.0,0.0,155773.0,5312711.0,29.0,0.0,0.0,8.52,5.08,7.77,0.0,,1714.0,56.2,2202.0,0.0,40915.0,5943.0,615.0,0.0,0.0,0.0,0.0,0.0,0.0,13.0,0.0,0.6,144.16,,0.0,62.7,0,0,0,4,2,2035.0,1020.0,2.0,0.0,0.0,0,0,0,1,2,0,4,0,2035.0,1020.0,0,0,0,0,0,0.5806451612903226
2026-09-04 05:49:43,18.0,31.0,5009.0,0.0,0.0,0.0,99.92,0.0,,29.7,0.0,16.6,45.6,0.1,0.0,0.0,0.0,112624.0,5040265.0,29.0,0.0,0.0,9.0,5.17,7.91,0.0,,1710.0,56.3,2206.0,0.0,35431.0,5542.0,630.0,0.0,0.0,0.0,0.0,0.0,0.0,13.0,0.06666666666666667,0.4,141.3,,0.0,62.2,0,0,0,0,4,2228.0,1115.75,220.0,0.0,0.0,0,0,0,2,4,0,0,0,2228.0,1115.75,0,0,0,0,0,0.5806451612903226
2026-09-04 05:49:59,18.0,31.0,5008.0,0.0,0.0,0.0,100.0,0.0,,29.6,0.0,16.2,46.7,0.0,0.0,0.0,0.0,75094.0,4577889.0,29.0,0.0,0.0,8.88,5.22,7.94,0.0,,1698.0,56.6,2218.0,0.0,33988.0,5627.0,645.0,0.0,0.0,0.0,0.0,0.0,0.0,13.0,0.0,0.0625,97.4,,0.0,62.900000000000006,0,0,0,6,6,2150.0,1063.5,198.0,0.0,0.0,0,0,0,2,6,0,6,0,2150.0,1063.5,0,0,0,0,0,0.5806451612903226
2026-09-04 05:50:14,18.0,31.0,5006.0,0.0,0.0,0.0,100.0,0.0,,29.9,0.0,16.7,45.4,0.1,0.0,0.0,0.0,145083.0,5831350.0,29.0,0.0,0.0,8.51,5.25,7.91,0.0,,1689.0,56.9,2227.0,0.0,34649.0,5833.0,660.0,0.0,0.0,0.0,0.0,0.0,0.0,13.0,0.0,0.0,93.36,,0.0,62.099999999999994,0,0,0,2,7,2131.0,903.2857142857143,168.0,0.0,0.0,0,0,0,3,7,0,2,0,2131.0,903.2857142857143,0,0,0,0,0,0.5806451612903226
2026-09-04 05:50:29,18.0,31.0,5006.0,0.0,0.0,0.0,100.0,0.0,,27.5,0.0,17.3,47.3,0.0,0.0,0.0,0.0,254162.0,3919124.0,30.0,0.0,0.0,7.74,5.25,7.76,0.0,,1685.0,57.0,2231.0,0.0,33740.0,5667.0,675.0,0.0,0.0,0.0,0.0,0.0,0.0,13.0,0.0,0.6,145.6,,0.0,64.6,0,0,0,16,9,2333.0,1243.3333333333333,448.0,0.0,0.0,0,0,0,4,9,0,16,0,2333.0,1243.3333333333333,0,0,0,0,0,0.5806451612903226
2026-09-04 05:50:44,18.0,31.0,5011.0,0.0,0.0,0.0,100.0,0.0,,29.8,0.0,17.4,45.0,0.1,0.0,0.0,0.0,224668.0,6727938.0,30.0,0.0,0.0,9.5,5.42,8.15,0.0,,1677.0,57.2,2239.0,0.0,33775.0,5327.0,690.0,0.0,0.0,0.0,0.0,0.0,0.0,13.0,0.06666666666666667,0.3333333333333333,109.7,,0.0,62.4,0,0,0,0,6,2219.0,1107.3333333333333,364.0,0.0,0.0,0,0,0,2,6,0,0,0,2219.0,1107.3333333333333,0,0,0,0,0,0.5806451612903226
2026-09-04 05:50:59,18.0,31.0,5008.0,0.0,0.0,0.0,100.0,0.0,,28.8,0.0,16.8,46.2,0.0,0.0,0.0,0.0,73663.0,3344233.0,29.0,0.0,0.0,9.58,5.49,8.23,0.0,,1680.0,57.1,2236.0,0.0,37877.0,5822.0,705.0,0.0,0.0,0.0,0.0,0.0,0.0,13.0,0.0,0.2,171.21,,0.0,63.0,0,0,0,0,4,2086.0,1066.75,174.0,0.0,0.0,0,0,0,1,4,0,0,0,2086.0,1066.75,0,0,0,0,0,0.5806451612903226
2026-09-04 05:51:14,18.0,31.0,5007.0,0.0,0.0,0.0,100.0,0.0,,28.8,0.0,17.1,45.9,0.3,0.0,0.0,0.0,109068.0,5034422.0,29.0,0.0,0.0,9.91,5.58,8.38,0.0,,1686.0,57.0,2230.0,0.0,36700.0,5529.0,722.0,0.0,0.0,0.0,0.0,0.0,0.0,13.0,0.0,0.7333333333333333,152.25,,0.0,63.0,0,0,0,2,3,2230.0,841.0,268.0,0.0,0.0,0,0,0,1,3,0,2,0,2230.0,841.0,0,0,0,0,0,0.5806451612903226
2026-09-04 05:51:30,18.0,31.0,5006.0,0.0,0.0,0.0,100.0,0.0,,29.4,0.0,16.9,45.6,0.1,0.0,0.0,0.0,216803.0,4277478.0,27.0,0.0,0.0,9.8,5.64,8.42,0.0,,1673.0,57.3,2243.0,0.0,34898.0,5719.0,737.0,0.0,0.0,0.0,0.0,0.0,0.0,13.0,0.0,0.1875,119.44,,0.0,62.5,0,0,0,0,7,2207.0,1226.0,304.0,0.0,0.0,0,0,0,3,7,0,0,0,2207.0,1226.0,0,0,0,0,0,0.5806451612903226
2026-09-04 05:51:45,18.0,31.0,5008.0,0.0,0.0,0.0,100.0,0.0,,30.1,0.0,16.9,45.5,0.1,0.0,0.0,0.0,43966.0,3071171.0,29.0,0.0,0.0,9.5,5.68,8.42,0.0,,1669.0,57.4,2248.0,0.0,34127.0,5664.0,752.0,0.0,0.0,0.0,0.0,0.0,0.0,13.0,0.0,0.06666666666666667,116.89,,0.0,62.4,0,0,0,6,8,2284.0,1138.875,534.0,0.0,0.0,0,0,0,3,8,0,6,0,2284.0,1138.875,0,0,0,0,0,0.5806451612903226
2026-09-04 05:52:00,19.0,31.0,5005.0,0.0,0.0,0.0,100.0,0.0,,28.1,0.0,16.5,47.8,0.1,0.0,0.0,0.0,500037.0,6174757.0,30.0,0.0,0.0,9.45,5.74,8.47,0.0,,1673.0,57.3,2243.0,0.0,36700.0,5621.0,767.0,0.0,0.0,0.0,0.0,0.0,0.0,13.0,0.0,0.6666666666666666,162.53,,13.0,64.3,0,0,0,0,7,2294.0,986.8571428571429,516.0,0.0,0.0,0,0,0,3,7,0,0,0,2294.0,986.8571428571429,0,0,0,0,0,0.6129032258064516
2026-09-04 05:52:15,19.0,31.0,5006.0,0.0,0.0,0.0,100.0,0.0,,28.5,0.0,16.6,47.6,0.1,0.0,0.0,0.0,771395.0,4597848.0,29.0,0.0,0.0,9.35,5.79,8.49,0.0,,1655.0,57.7,2261.0,0.0,34484.0,5685.0,782.0,0.0,0.0,0.0,0.0,0.0,0.0,13.0,0.0,0.4,116.95,,0.0,64.2,0,0,0,15,12,2593.0,1306.75,1120.0,1504.0,0.0,0,0,0,6,12,0,15,0,2593.0,1306.75,0,0,0,0,0,0.6129032258064516
2026-09-04 05:52:31,10.0,23.0,5006.0,0.0,0.0,0.0,100.0,0.0,,29.3,0.0,16.3,47.3,0.1,0.0,0.0,0.0,87943.0,3466463.0,22.0,0.0,0.0,9.76,5.88,8.63,0.0,,1653.0,57.8,2263.0,0.0,36604.0,6063.0,797.0,0.0,0.0,0.0,0.0,0.0,0.0,13.0,0.0,0.375,134.42,,0.0,63.599999999999994,0,0,0,7,6,2188.0,1082.0,262.0,0.0,0.0,0,0,0,2,6,0,7,0,2188.0,1082.0,0,0,0,0,0,0.43478260869565216
2026-09-04 05:52:46,12.0,23.0,5005.0,0.0,0.0,0.0,100.0,0.0,,29.4,0.0,16.9,46.0,0.1,0.0,0.0,0.0,146989.0,5386985.0,22.0,0.0,0.0,10.21,5.98,8.78,0.0,,1647.0,57.9,2269.0,0.0,34450.0,5511.0,812.0,0.0,0.0,0.0,0.0,0.0,0.0,13.0,0.0,0.4,109.77,,0.0,62.9,0,0,0,0,6,2081.0,1033.3333333333333,50.0,0.0,0.0,0,0,0,3,6,0,0,0,2081.0,1033.3333333333333,0,0,0,0,0,0.5217391304347826
2026-09-04 05:53:01,12.0,23.0,5008.0,0.0,0.0,0.0,100.0,0.0,,29.4,0.0,16.2,46.9,0.1,0.0,0.0,0.0,21874.0,3387714.0,20.0,0.0,0.0,10.33,6.05,8.87,0.0,,1646.0,58.0,2270.0,0.0,34726.0,5907.0,827.0,0.0,0.0,0.0,0.0,0.0,0.0,13.0,0.0,0.13333333333333333,129.35,,0.0,63.099999999999994,0,0,0,2,4,2240.0,1123.5,302.0,0.0,0.0,0,0,0,2,4,0,2,0,2240.0,1123.5,0,0,0,0,0,0.5217391304347826
2026-09-04 05:53:16,11.0,23.0,5007.0,0.0,0.0,0.0,100.0,0.0,,28.7,0.0,16.4,47.1,0.1,0.0,0.0,0.0,150535.0,6119853.0,22.0,0.0,0.0,9.8,6.08,8.83,0.0,,1651.0,57.8,2265.0,0.0,36920.0,5746.0,843.0,0.0,0.0,0.0,0.0,0.0,0.0,13.0,0.0,0.6,226.44,,0.0,63.5,0,0,0,4,4,2252.0,1128.0,262.0,0.0,0.0,0,0,0,2,4,0,4,0,2252.0,1128.0,0,0,0,0,0,0.4782608695652174
2026-09-04 05:53:31,10.0,23.0,5009.0,0.0,0.0,0.0,100.0,0.0,,28.8,0.0,17.0,46.7,0.1,0.0,0.0,0.0,42459.0,6306581.0,22.0,0.0,0.0,9.53,6.12,8.81,0.0,,1641.0,58.1,2276.0,0.0,36090.0,5647.0,858.0,0.0,0.0,0.0,0.0,0.0,0.0,13.0,0.0,0.26666666666666666,151.79,,0.0,63.7,0,0,0,0,6,2167.0,1062.3333333333333,208.0,0.0,0.0,0,0,0,3,6,0,0,0,2167.0,1062.3333333333333,0,0,0,0,0,0.43478260869565216
